#### (A) node budget at fixed theory binning

== TNFIT  alpha=0.500  th_discr=400  (reference: 1884 nodes, same th)
  Ntot=1e+05  BASELINE old global map, 800 nodes:     0.0700 sigma
      msub=6   nfin=8   ntail=12  n=438     6.386e-05 sigma   1096x better
      msub=6   nfin=12  ntail=16  n=558     9.781e-07 sigma  71529x better
      msub=8   nfin=8   ntail=12  n=584     1.169e-06 sigma  59848x better
      msub=8   nfin=8   ntail=16  n=616     1.169e-06 sigma  59848x better
      msub=8   nfin=12  ntail=16  n=744     4.692e-09 sigma  14910940x better
      msub=8   nfin=16  ntail=16  n=872     6.009e-11 sigma  1164244257x better
      msub=10  nfin=12  ntail=16  n=930     2.158e-11 sigma  3242464681x better
  Ntot=1e+06  BASELINE old global map, 800 nodes:     0.2212 sigma
      msub=6   nfin=8   ntail=12  n=438     2.019e-04 sigma   1096x better
      msub=6   nfin=12  ntail=16  n=558     3.093e-06 sigma  71529x better
      msub=8   nfin=8   ntail=12  n=584     3.697e-06 sigma  59848x better
      msub=8   nfin=8   ntail=16  n=616     3.697e-06 sigma  59848x better
      msub=8   nfin=12  ntail=16  n=744     1.484e-08 sigma  14910941x better
      msub=8   nfin=16  ntail=16  n=872     1.900e-10 sigma  1164238541x better
      msub=10  nfin=12  ntail=16  n=930     6.823e-11 sigma  3242481523x better
  Ntot=1e+07  BASELINE old global map, 800 nodes:     0.6996 sigma
      msub=6   nfin=8   ntail=12  n=438     6.386e-04 sigma   1096x better
      msub=6   nfin=12  ntail=16  n=558     9.781e-06 sigma  71529x better
      msub=8   nfin=8   ntail=12  n=584     1.169e-05 sigma  59848x better
      msub=8   nfin=8   ntail=16  n=616     1.169e-05 sigma  59848x better
      msub=8   nfin=12  ntail=16  n=744     4.692e-08 sigma  14910940x better
      msub=8   nfin=16  ntail=16  n=872     6.009e-10 sigma  1164239684x better
      msub=10  nfin=12  ntail=16  n=930     2.158e-10 sigma  3242468049x better
  Ntot=1e+08  BASELINE old global map, 800 nodes:     2.2124 sigma
      msub=6   nfin=8   ntail=12  n=438     2.019e-03 sigma   1096x better
      msub=6   nfin=12  ntail=16  n=558     3.093e-05 sigma  71529x better
      msub=8   nfin=8   ntail=12  n=584     3.697e-05 sigma  59848x better
      msub=8   nfin=8   ntail=16  n=616     3.697e-05 sigma  59848x better
      msub=8   nfin=12  ntail=16  n=744     1.484e-07 sigma  14910940x better
      msub=8   nfin=16  ntail=16  n=872     1.900e-09 sigma  1164232367x better
      msub=10  nfin=12  ntail=16  n=930     6.823e-10 sigma  3242468049x better

== TNFIT  alpha=0.500  th_discr=800  (reference: 1884 nodes, same th)
  Ntot=1e+05  BASELINE old global map, 800 nodes:     0.0699 sigma
      msub=6   nfin=8   ntail=12  n=438     6.384e-05 sigma   1096x better
      msub=6   nfin=12  ntail=16  n=558     9.783e-07 sigma  71494x better
      msub=8   nfin=8   ntail=12  n=584     1.166e-06 sigma  59998x better
      msub=8   nfin=8   ntail=16  n=616     1.166e-06 sigma  59998x better
      msub=8   nfin=12  ntail=16  n=744     4.694e-09 sigma  14901157x better
      msub=8   nfin=16  ntail=16  n=872     6.000e-11 sigma  1165771316x better
      msub=10  nfin=12  ntail=16  n=930     2.155e-11 sigma  3245128110x better
  Ntot=1e+06  BASELINE old global map, 800 nodes:     0.2212 sigma
      msub=6   nfin=8   ntail=12  n=438     2.019e-04 sigma   1096x better
      msub=6   nfin=12  ntail=16  n=558     3.094e-06 sigma  71494x better
      msub=8   nfin=8   ntail=12  n=584     3.687e-06 sigma  59998x better
      msub=8   nfin=8   ntail=16  n=616     3.687e-06 sigma  59998x better
      msub=8   nfin=12  ntail=16  n=744     1.484e-08 sigma  14901156x better
      msub=8   nfin=16  ntail=16  n=872     1.897e-10 sigma  1165775628x better
      msub=10  nfin=12  ntail=16  n=930     6.816e-11 sigma  3245119641x better
  Ntot=1e+07  BASELINE old global map, 800 nodes:     0.6994 sigma
      msub=6   nfin=8   ntail=12  n=438     6.384e-04 sigma   1096x better
      msub=6   nfin=12  ntail=16  n=558     9.783e-06 sigma  71494x better
      msub=8   nfin=8   ntail=12  n=584     1.166e-05 sigma  59998x better
      msub=8   nfin=8   ntail=16  n=616     1.166e-05 sigma  59998x better
      msub=8   nfin=12  ntail=16  n=744     4.694e-08 sigma  14901156x better
      msub=8   nfin=16  ntail=16  n=872     6.000e-10 sigma  1165775628x better
      msub=10  nfin=12  ntail=16  n=930     2.155e-10 sigma  3245133191x better
  Ntot=1e+08  BASELINE old global map, 800 nodes:     2.2118 sigma
      msub=6   nfin=8   ntail=12  n=438     2.019e-03 sigma   1096x better
      msub=6   nfin=12  ntail=16  n=558     3.094e-05 sigma  71494x better
      msub=8   nfin=8   ntail=12  n=584     3.687e-05 sigma  59998x better
      msub=8   nfin=8   ntail=16  n=616     3.687e-05 sigma  59998x better
      msub=8   nfin=12  ntail=16  n=744     1.484e-07 sigma  14901156x better
      msub=8   nfin=16  ntail=16  n=872     1.897e-09 sigma  1165771948x better
      msub=10  nfin=12  ntail=16  n=930     6.816e-10 sigma  3245122351x better

== TNFIT  alpha=0.500  th_discr=1600  (reference: 1884 nodes, same th)
  Ntot=1e+05  BASELINE old global map, 800 nodes:     0.0699 sigma
      msub=6   nfin=8   ntail=12  n=438     6.383e-05 sigma   1095x better
      msub=6   nfin=12  ntail=16  n=558     9.788e-07 sigma  71428x better
      msub=8   nfin=8   ntail=12  n=584     1.165e-06 sigma  60031x better
      msub=8   nfin=8   ntail=16  n=616     1.165e-06 sigma  60031x better
      msub=8   nfin=12  ntail=16  n=744     4.694e-09 sigma  14894293x better
      msub=8   nfin=16  ntail=16  n=872     5.997e-11 sigma  1165835016x better
      msub=10  nfin=12  ntail=16  n=930     2.154e-11 sigma  3245435624x better
  Ntot=1e+06  BASELINE old global map, 800 nodes:     0.2211 sigma
      msub=6   nfin=8   ntail=12  n=438     2.019e-04 sigma   1095x better
      msub=6   nfin=12  ntail=16  n=558     3.095e-06 sigma  71428x better
      msub=8   nfin=8   ntail=12  n=584     3.683e-06 sigma  60031x better
      msub=8   nfin=8   ntail=16  n=616     3.683e-06 sigma  60031x better
      msub=8   nfin=12  ntail=16  n=744     1.484e-08 sigma  14894294x better
      msub=8   nfin=16  ntail=16  n=872     1.896e-10 sigma  1165827821x better
      msub=10  nfin=12  ntail=16  n=930     6.812e-11 sigma  3245452591x better
  Ntot=1e+07  BASELINE old global map, 800 nodes:     0.6991 sigma
      msub=6   nfin=8   ntail=12  n=438     6.383e-04 sigma   1095x better
      msub=6   nfin=12  ntail=16  n=558     9.788e-06 sigma  71428x better
      msub=8   nfin=8   ntail=12  n=584     1.165e-05 sigma  60031x better
      msub=8   nfin=8   ntail=16  n=616     1.165e-05 sigma  60031x better
      msub=8   nfin=12  ntail=16  n=744     4.694e-08 sigma  14894295x better
      msub=8   nfin=16  ntail=16  n=872     5.997e-10 sigma  1165837031x better
      msub=10  nfin=12  ntail=16  n=930     2.154e-10 sigma  3245439017x better
  Ntot=1e+08  BASELINE old global map, 800 nodes:     2.2109 sigma
      msub=6   nfin=8   ntail=12  n=438     2.019e-03 sigma   1095x better
      msub=6   nfin=12  ntail=16  n=558     3.095e-05 sigma  71428x better
      msub=8   nfin=8   ntail=12  n=584     3.683e-05 sigma  60031x better
      msub=8   nfin=8   ntail=16  n=616     3.683e-05 sigma  60031x better
      msub=8   nfin=12  ntail=16  n=744     1.484e-07 sigma  14894295x better
      msub=8   nfin=16  ntail=16  n=872     1.896e-09 sigma  1165833347x better
      msub=10  nfin=12  ntail=16  n=930     6.812e-10 sigma  3245422729x better

== TNSTAT  alpha=0.500  th_discr=400  (reference: 684 nodes, same th)
  Ntot=1e+05  BASELINE old global map, 800 nodes:     0.1159 sigma
      msub=6   nfin=8   ntail=12  n=222     2.304e-04 sigma    503x better
      msub=6   nfin=12  ntail=16  n=246     8.989e-06 sigma  12888x better
      msub=8   nfin=8   ntail=12  n=296     4.741e-06 sigma  24437x better
      msub=8   nfin=8   ntail=16  n=328     6.435e-08 sigma  1800333x better
      msub=8   nfin=12  ntail=16  n=328     6.435e-08 sigma  1800333x better
      msub=8   nfin=16  ntail=16  n=328     6.435e-08 sigma  1800333x better
      msub=10  nfin=12  ntail=16  n=410     4.414e-10 sigma  262493690x better
  Ntot=1e+06  BASELINE old global map, 800 nodes:     0.3664 sigma
      msub=6   nfin=8   ntail=12  n=222     7.285e-04 sigma    503x better
      msub=6   nfin=12  ntail=16  n=246     2.843e-05 sigma  12888x better
      msub=8   nfin=8   ntail=12  n=296     1.499e-05 sigma  24437x better
      msub=8   nfin=8   ntail=16  n=328     2.035e-07 sigma  1800333x better
      msub=8   nfin=12  ntail=16  n=328     2.035e-07 sigma  1800333x better
      msub=8   nfin=16  ntail=16  n=328     2.035e-07 sigma  1800333x better
      msub=10  nfin=12  ntail=16  n=410     1.396e-09 sigma  262493690x better
  Ntot=1e+07  BASELINE old global map, 800 nodes:     1.1585 sigma
      msub=6   nfin=8   ntail=12  n=222     2.304e-03 sigma    503x better
      msub=6   nfin=12  ntail=16  n=246     8.989e-05 sigma  12888x better
      msub=8   nfin=8   ntail=12  n=296     4.741e-05 sigma  24437x better
      msub=8   nfin=8   ntail=16  n=328     6.435e-07 sigma  1800333x better
      msub=8   nfin=12  ntail=16  n=328     6.435e-07 sigma  1800333x better
      msub=8   nfin=16  ntail=16  n=328     6.435e-07 sigma  1800333x better
      msub=10  nfin=12  ntail=16  n=410     4.414e-09 sigma  262493758x better
  Ntot=1e+08  BASELINE old global map, 800 nodes:     3.6636 sigma
      msub=6   nfin=8   ntail=12  n=222     7.285e-03 sigma    503x better
      msub=6   nfin=12  ntail=16  n=246     2.843e-04 sigma  12888x better
      msub=8   nfin=8   ntail=12  n=296     1.499e-04 sigma  24437x better
      msub=8   nfin=8   ntail=16  n=328     2.035e-06 sigma  1800333x better
      msub=8   nfin=12  ntail=16  n=328     2.035e-06 sigma  1800333x better
      msub=8   nfin=16  ntail=16  n=328     2.035e-06 sigma  1800333x better
      msub=10  nfin=12  ntail=16  n=410     1.396e-08 sigma  262493540x better

== TNSTAT  alpha=0.500  th_discr=800  (reference: 684 nodes, same th)
  Ntot=1e+05  BASELINE old global map, 800 nodes:     0.1158 sigma
      msub=6   nfin=8   ntail=12  n=222     2.309e-04 sigma    501x better
      msub=6   nfin=12  ntail=16  n=246     9.015e-06 sigma  12846x better
      msub=8   nfin=8   ntail=12  n=296     4.755e-06 sigma  24357x better
      msub=8   nfin=8   ntail=16  n=328     6.456e-08 sigma  1793889x better
      msub=8   nfin=12  ntail=16  n=328     6.456e-08 sigma  1793889x better
      msub=8   nfin=16  ntail=16  n=328     6.456e-08 sigma  1793889x better
      msub=10  nfin=12  ntail=16  n=410     4.427e-10 sigma  261622190x better
  Ntot=1e+06  BASELINE old global map, 800 nodes:     0.3662 sigma
      msub=6   nfin=8   ntail=12  n=222     7.303e-04 sigma    501x better
      msub=6   nfin=12  ntail=16  n=246     2.851e-05 sigma  12846x better
      msub=8   nfin=8   ntail=12  n=296     1.504e-05 sigma  24357x better
      msub=8   nfin=8   ntail=16  n=328     2.041e-07 sigma  1793889x better
      msub=8   nfin=12  ntail=16  n=328     2.041e-07 sigma  1793889x better
      msub=8   nfin=16  ntail=16  n=328     2.041e-07 sigma  1793889x better
      msub=10  nfin=12  ntail=16  n=410     1.400e-09 sigma  261622444x better
  Ntot=1e+07  BASELINE old global map, 800 nodes:     1.1581 sigma
      msub=6   nfin=8   ntail=12  n=222     2.309e-03 sigma    501x better
      msub=6   nfin=12  ntail=16  n=246     9.015e-05 sigma  12846x better
      msub=8   nfin=8   ntail=12  n=296     4.755e-05 sigma  24357x better
      msub=8   nfin=8   ntail=16  n=328     6.456e-07 sigma  1793889x better
      msub=8   nfin=12  ntail=16  n=328     6.456e-07 sigma  1793889x better
      msub=8   nfin=16  ntail=16  n=328     6.456e-07 sigma  1793889x better
      msub=10  nfin=12  ntail=16  n=410     4.427e-09 sigma  261622512x better
  Ntot=1e+08  BASELINE old global map, 800 nodes:     3.6622 sigma
      msub=6   nfin=8   ntail=12  n=222     7.303e-03 sigma    501x better
      msub=6   nfin=12  ntail=16  n=246     2.851e-04 sigma  12846x better
      msub=8   nfin=8   ntail=12  n=296     1.504e-04 sigma  24357x better
      msub=8   nfin=8   ntail=16  n=328     2.041e-06 sigma  1793889x better
      msub=8   nfin=12  ntail=16  n=328     2.041e-06 sigma  1793889x better
      msub=8   nfin=16  ntail=16  n=328     2.041e-06 sigma  1793889x better
      msub=10  nfin=12  ntail=16  n=410     1.400e-08 sigma  261622512x better

== TNSTAT  alpha=0.500  th_discr=1600  (reference: 684 nodes, same th)
  Ntot=1e+05  BASELINE old global map, 800 nodes:     0.1158 sigma
      msub=6   nfin=8   ntail=12  n=222     2.312e-04 sigma    501x better
      msub=6   nfin=12  ntail=16  n=246     9.026e-06 sigma  12825x better
      msub=8   nfin=8   ntail=12  n=296     4.763e-06 sigma  24302x better
      msub=8   nfin=8   ntail=16  n=328     6.469e-08 sigma  1789439x better
      msub=8   nfin=12  ntail=16  n=328     6.469e-08 sigma  1789439x better
      msub=8   nfin=16  ntail=16  n=328     6.469e-08 sigma  1789439x better
      msub=10  nfin=12  ntail=16  n=410     4.436e-10 sigma  260915879x better
  Ntot=1e+06  BASELINE old global map, 800 nodes:     0.3660 sigma
      msub=6   nfin=8   ntail=12  n=222     7.312e-04 sigma    501x better
      msub=6   nfin=12  ntail=16  n=246     2.854e-05 sigma  12825x better
      msub=8   nfin=8   ntail=12  n=296     1.506e-05 sigma  24302x better
      msub=8   nfin=8   ntail=16  n=328     2.046e-07 sigma  1789439x better
      msub=8   nfin=12  ntail=16  n=328     2.046e-07 sigma  1789439x better
      msub=8   nfin=16  ntail=16  n=328     2.046e-07 sigma  1789439x better
      msub=10  nfin=12  ntail=16  n=410     1.403e-09 sigma  260915879x better
  Ntot=1e+07  BASELINE old global map, 800 nodes:     1.1575 sigma
      msub=6   nfin=8   ntail=12  n=222     2.312e-03 sigma    501x better
      msub=6   nfin=12  ntail=16  n=246     9.026e-05 sigma  12825x better
      msub=8   nfin=8   ntail=12  n=296     4.763e-05 sigma  24302x better
      msub=8   nfin=8   ntail=16  n=328     6.469e-07 sigma  1789439x better
      msub=8   nfin=12  ntail=16  n=328     6.469e-07 sigma  1789439x better
      msub=8   nfin=16  ntail=16  n=328     6.469e-07 sigma  1789439x better
      msub=10  nfin=12  ntail=16  n=410     4.436e-09 sigma  260915879x better
  Ntot=1e+08  BASELINE old global map, 800 nodes:     3.6605 sigma
      msub=6   nfin=8   ntail=12  n=222     7.312e-03 sigma    501x better
      msub=6   nfin=12  ntail=16  n=246     2.854e-04 sigma  12825x better
      msub=8   nfin=8   ntail=12  n=296     1.506e-04 sigma  24302x better
      msub=8   nfin=8   ntail=16  n=328     2.046e-06 sigma  1789439x better
      msub=8   nfin=12  ntail=16  n=328     2.046e-06 sigma  1789439x better
      msub=8   nfin=16  ntail=16  n=328     2.046e-06 sigma  1789439x better
      msub=10  nfin=12  ntail=16  n=410     1.403e-08 sigma  260916203x better

== TNSTALL  alpha=0.500  th_discr=400  (reference: 1284 nodes, same th)
  Ntot=1e+05  BASELINE old global map, 800 nodes:     0.1469 sigma
      msub=6   nfin=8   ntail=12  n=330     1.730e-04 sigma    849x better
      msub=6   nfin=12  ntail=16  n=402     2.097e-06 sigma  70062x better
      msub=8   nfin=8   ntail=12  n=440     5.372e-06 sigma  27348x better
      msub=8   nfin=8   ntail=16  n=472     5.372e-06 sigma  27348x better
      msub=8   nfin=12  ntail=16  n=536     1.530e-08 sigma  9601609x better
      msub=8   nfin=16  ntail=16  n=600     1.631e-10 sigma  900671453x better
      msub=10  nfin=12  ntail=16  n=670     1.061e-10 sigma  1384447499x better
  Ntot=1e+06  BASELINE old global map, 800 nodes:     0.4646 sigma
      msub=6   nfin=8   ntail=12  n=330     5.471e-04 sigma    849x better
      msub=6   nfin=12  ntail=16  n=402     6.631e-06 sigma  70062x better
      msub=8   nfin=8   ntail=12  n=440     1.699e-05 sigma  27348x better
      msub=8   nfin=8   ntail=16  n=472     1.699e-05 sigma  27348x better
      msub=8   nfin=12  ntail=16  n=536     4.839e-08 sigma  9601609x better
      msub=8   nfin=16  ntail=16  n=600     5.158e-10 sigma  900670833x better
      msub=10  nfin=12  ntail=16  n=670     3.356e-10 sigma  1384446774x better
  Ntot=1e+07  BASELINE old global map, 800 nodes:     1.4692 sigma
      msub=6   nfin=8   ntail=12  n=330     1.730e-03 sigma    849x better
      msub=6   nfin=12  ntail=16  n=402     2.097e-05 sigma  70062x better
      msub=8   nfin=8   ntail=12  n=440     5.372e-05 sigma  27348x better
      msub=8   nfin=8   ntail=16  n=472     5.372e-05 sigma  27348x better
      msub=8   nfin=12  ntail=16  n=536     1.530e-07 sigma  9601609x better
      msub=8   nfin=16  ntail=16  n=600     1.631e-09 sigma  900670833x better
      msub=10  nfin=12  ntail=16  n=670     1.061e-09 sigma  1384447934x better
  Ntot=1e+08  BASELINE old global map, 800 nodes:     4.6460 sigma
      msub=6   nfin=8   ntail=12  n=330     5.471e-03 sigma    849x better
      msub=6   nfin=12  ntail=16  n=402     6.631e-05 sigma  70062x better
      msub=8   nfin=8   ntail=12  n=440     1.699e-04 sigma  27348x better
      msub=8   nfin=8   ntail=16  n=472     1.699e-04 sigma  27348x better
      msub=8   nfin=12  ntail=16  n=536     4.839e-07 sigma  9601609x better
      msub=8   nfin=16  ntail=16  n=600     5.158e-09 sigma  900671098x better
      msub=10  nfin=12  ntail=16  n=670     3.356e-09 sigma  1384447702x better

== TNSTALL  alpha=0.500  th_discr=800  (reference: 1284 nodes, same th)
  Ntot=1e+05  BASELINE old global map, 800 nodes:     0.1469 sigma
      msub=6   nfin=8   ntail=12  n=330     1.726e-04 sigma    851x better
      msub=6   nfin=12  ntail=16  n=402     2.104e-06 sigma  69824x better
      msub=8   nfin=8   ntail=12  n=440     5.395e-06 sigma  27225x better
      msub=8   nfin=8   ntail=16  n=472     5.395e-06 sigma  27225x better
      msub=8   nfin=12  ntail=16  n=536     1.534e-08 sigma  9573126x better
      msub=8   nfin=16  ntail=16  n=600     1.639e-10 sigma  895895730x better
      msub=10  nfin=12  ntail=16  n=670     1.064e-10 sigma  1380473279x better
  Ntot=1e+06  BASELINE old global map, 800 nodes:     0.4645 sigma
      msub=6   nfin=8   ntail=12  n=330     5.460e-04 sigma    851x better
      msub=6   nfin=12  ntail=16  n=402     6.652e-06 sigma  69824x better
      msub=8   nfin=8   ntail=12  n=440     1.706e-05 sigma  27225x better
      msub=8   nfin=8   ntail=16  n=472     1.706e-05 sigma  27225x better
      msub=8   nfin=12  ntail=16  n=536     4.852e-08 sigma  9573126x better
      msub=8   nfin=16  ntail=16  n=600     5.185e-10 sigma  895896140x better
      msub=10  nfin=12  ntail=16  n=670     3.365e-10 sigma  1380474002x better
  Ntot=1e+07  BASELINE old global map, 800 nodes:     1.4688 sigma
      msub=6   nfin=8   ntail=12  n=330     1.726e-03 sigma    851x better
      msub=6   nfin=12  ntail=16  n=402     2.104e-05 sigma  69824x better
      msub=8   nfin=8   ntail=12  n=440     5.395e-05 sigma  27225x better
      msub=8   nfin=8   ntail=16  n=472     5.395e-05 sigma  27225x better
      msub=8   nfin=12  ntail=16  n=536     1.534e-07 sigma  9573126x better
      msub=8   nfin=16  ntail=16  n=600     1.639e-09 sigma  895895155x better
      msub=10  nfin=12  ntail=16  n=670     1.064e-09 sigma  1380472844x better
  Ntot=1e+08  BASELINE old global map, 800 nodes:     4.6448 sigma
      msub=6   nfin=8   ntail=12  n=330     5.460e-03 sigma    851x better
      msub=6   nfin=12  ntail=16  n=402     6.652e-05 sigma  69824x better
      msub=8   nfin=8   ntail=12  n=440     1.706e-04 sigma  27225x better
      msub=8   nfin=8   ntail=16  n=472     1.706e-04 sigma  27225x better
      msub=8   nfin=12  ntail=16  n=536     4.852e-07 sigma  9573126x better
      msub=8   nfin=16  ntail=16  n=600     5.185e-09 sigma  895896469x better
      msub=10  nfin=12  ntail=16  n=670     3.365e-09 sigma  1380473539x better

== TNSTALL  alpha=0.500  th_discr=1600  (reference: 1284 nodes, same th)
  Ntot=1e+05  BASELINE old global map, 800 nodes:     0.1469 sigma
      msub=6   nfin=8   ntail=12  n=330     1.725e-04 sigma    851x better
      msub=6   nfin=12  ntail=16  n=402     2.105e-06 sigma  69762x better
      msub=8   nfin=8   ntail=12  n=440     5.400e-06 sigma  27198x better
      msub=8   nfin=8   ntail=16  n=472     5.400e-06 sigma  27198x better
      msub=8   nfin=12  ntail=16  n=536     1.535e-08 sigma  9567693x better
      msub=8   nfin=16  ntail=16  n=600     1.641e-10 sigma  894689105x better
      msub=10  nfin=12  ntail=16  n=670     1.064e-10 sigma  1380096930x better
  Ntot=1e+06  BASELINE old global map, 800 nodes:     0.4644 sigma
      msub=6   nfin=8   ntail=12  n=330     5.454e-04 sigma    851x better
      msub=6   nfin=12  ntail=16  n=402     6.657e-06 sigma  69762x better
      msub=8   nfin=8   ntail=12  n=440     1.708e-05 sigma  27198x better
      msub=8   nfin=8   ntail=16  n=472     1.708e-05 sigma  27198x better
      msub=8   nfin=12  ntail=16  n=536     4.854e-08 sigma  9567694x better
      msub=8   nfin=16  ntail=16  n=600     5.191e-10 sigma  894689515x better
      msub=10  nfin=12  ntail=16  n=670     3.365e-10 sigma  1380097654x better
  Ntot=1e+07  BASELINE old global map, 800 nodes:     1.4686 sigma
      msub=6   nfin=8   ntail=12  n=330     1.725e-03 sigma    851x better
      msub=6   nfin=12  ntail=16  n=402     2.105e-05 sigma  69762x better
      msub=8   nfin=8   ntail=12  n=440     5.400e-05 sigma  27198x better
      msub=8   nfin=8   ntail=16  n=472     5.400e-05 sigma  27198x better
      msub=8   nfin=12  ntail=16  n=536     1.535e-07 sigma  9567694x better
      msub=8   nfin=16  ntail=16  n=600     1.641e-09 sigma  894689023x better
      msub=10  nfin=12  ntail=16  n=670     1.064e-09 sigma  1380098234x better
  Ntot=1e+08  BASELINE old global map, 800 nodes:     4.6442 sigma
      msub=6   nfin=8   ntail=12  n=330     5.454e-03 sigma    851x better
      msub=6   nfin=12  ntail=16  n=402     6.657e-05 sigma  69762x better
      msub=8   nfin=8   ntail=12  n=440     1.708e-04 sigma  27198x better
      msub=8   nfin=8   ntail=16  n=472     1.708e-04 sigma  27198x better
      msub=8   nfin=12  ntail=16  n=536     4.854e-07 sigma  9567694x better
      msub=8   nfin=16  ntail=16  n=600     5.191e-09 sigma  894689547x better
      msub=10  nfin=12  ntail=16  n=670     3.365e-09 sigma  1380097075x better

== TNBOUND  alpha=0.500  th_discr=400  (reference: 1284 nodes, same th)
  Ntot=1e+05  BASELINE old global map, 800 nodes:     0.1164 sigma
      msub=6   nfin=8   ntail=12  n=330     2.253e-04 sigma    517x better
      msub=6   nfin=12  ntail=16  n=402     8.841e-06 sigma  13161x better
      msub=8   nfin=8   ntail=12  n=440     4.616e-06 sigma  25207x better
      msub=8   nfin=8   ntail=16  n=472     6.257e-08 sigma  1859689x better
      msub=8   nfin=12  ntail=16  n=536     6.257e-08 sigma  1859689x better
      msub=8   nfin=16  ntail=16  n=600     6.257e-08 sigma  1859689x better
      msub=10  nfin=12  ntail=16  n=670     4.214e-10 sigma  276123371x better
  Ntot=1e+06  BASELINE old global map, 800 nodes:     0.3680 sigma
      msub=6   nfin=8   ntail=12  n=330     7.123e-04 sigma    517x better
      msub=6   nfin=12  ntail=16  n=402     2.796e-05 sigma  13161x better
      msub=8   nfin=8   ntail=12  n=440     1.460e-05 sigma  25207x better
      msub=8   nfin=8   ntail=16  n=472     1.979e-07 sigma  1859689x better
      msub=8   nfin=12  ntail=16  n=536     1.979e-07 sigma  1859689x better
      msub=8   nfin=16  ntail=16  n=600     1.979e-07 sigma  1859689x better
      msub=10  nfin=12  ntail=16  n=670     1.333e-09 sigma  276122926x better
  Ntot=1e+07  BASELINE old global map, 800 nodes:     1.1636 sigma
      msub=6   nfin=8   ntail=12  n=330     2.253e-03 sigma    517x better
      msub=6   nfin=12  ntail=16  n=402     8.841e-05 sigma  13161x better
      msub=8   nfin=8   ntail=12  n=440     4.616e-05 sigma  25207x better
      msub=8   nfin=8   ntail=16  n=472     6.257e-07 sigma  1859689x better
      msub=8   nfin=12  ntail=16  n=536     6.257e-07 sigma  1859689x better
      msub=8   nfin=16  ntail=16  n=600     6.257e-07 sigma  1859689x better
      msub=10  nfin=12  ntail=16  n=670     4.214e-09 sigma  276123211x better
  Ntot=1e+08  BASELINE old global map, 800 nodes:     3.6797 sigma
      msub=6   nfin=8   ntail=12  n=330     7.123e-03 sigma    517x better
      msub=6   nfin=12  ntail=16  n=402     2.796e-04 sigma  13161x better
      msub=8   nfin=8   ntail=12  n=440     1.460e-04 sigma  25207x better
      msub=8   nfin=8   ntail=16  n=472     1.979e-06 sigma  1859689x better
      msub=8   nfin=12  ntail=16  n=536     1.979e-06 sigma  1859689x better
      msub=8   nfin=16  ntail=16  n=600     1.979e-06 sigma  1859689x better
      msub=10  nfin=12  ntail=16  n=670     1.333e-08 sigma  276123325x better

== TNBOUND  alpha=0.500  th_discr=800  (reference: 1284 nodes, same th)
  Ntot=1e+05  BASELINE old global map, 800 nodes:     0.1164 sigma
      msub=6   nfin=8   ntail=12  n=330     2.257e-04 sigma    516x better
      msub=6   nfin=12  ntail=16  n=402     8.859e-06 sigma  13136x better
      msub=8   nfin=8   ntail=12  n=440     4.626e-06 sigma  25155x better
      msub=8   nfin=8   ntail=16  n=472     6.271e-08 sigma  1855832x better
      msub=8   nfin=12  ntail=16  n=536     6.271e-08 sigma  1855832x better
      msub=8   nfin=16  ntail=16  n=600     6.271e-08 sigma  1855832x better
      msub=10  nfin=12  ntail=16  n=670     4.227e-10 sigma  275314448x better
  Ntot=1e+06  BASELINE old global map, 800 nodes:     0.3680 sigma
      msub=6   nfin=8   ntail=12  n=330     7.137e-04 sigma    516x better
      msub=6   nfin=12  ntail=16  n=402     2.801e-05 sigma  13136x better
      msub=8   nfin=8   ntail=12  n=440     1.463e-05 sigma  25155x better
      msub=8   nfin=8   ntail=16  n=472     1.983e-07 sigma  1855832x better
      msub=8   nfin=12  ntail=16  n=536     1.983e-07 sigma  1855832x better
      msub=8   nfin=16  ntail=16  n=600     1.983e-07 sigma  1855832x better
      msub=10  nfin=12  ntail=16  n=670     1.337e-09 sigma  275315158x better
  Ntot=1e+07  BASELINE old global map, 800 nodes:     1.1638 sigma
      msub=6   nfin=8   ntail=12  n=330     2.257e-03 sigma    516x better
      msub=6   nfin=12  ntail=16  n=402     8.859e-05 sigma  13136x better
      msub=8   nfin=8   ntail=12  n=440     4.626e-05 sigma  25155x better
      msub=8   nfin=8   ntail=16  n=472     6.271e-07 sigma  1855832x better
      msub=8   nfin=12  ntail=16  n=536     6.271e-07 sigma  1855832x better
      msub=8   nfin=16  ntail=16  n=600     6.271e-07 sigma  1855832x better
      msub=10  nfin=12  ntail=16  n=670     4.227e-09 sigma  275314590x better
  Ntot=1e+08  BASELINE old global map, 800 nodes:     3.6801 sigma
      msub=6   nfin=8   ntail=12  n=330     7.137e-03 sigma    516x better
      msub=6   nfin=12  ntail=16  n=402     2.801e-04 sigma  13136x better
      msub=8   nfin=8   ntail=12  n=440     1.463e-04 sigma  25155x better
      msub=8   nfin=8   ntail=16  n=472     1.983e-06 sigma  1855832x better
      msub=8   nfin=12  ntail=16  n=536     1.983e-06 sigma  1855832x better
      msub=8   nfin=16  ntail=16  n=600     1.983e-06 sigma  1855832x better
      msub=10  nfin=12  ntail=16  n=670     1.337e-08 sigma  275314931x better

== TNBOUND  alpha=0.500  th_discr=1600  (reference: 1284 nodes, same th)
  Ntot=1e+05  BASELINE old global map, 800 nodes:     0.1163 sigma
      msub=6   nfin=8   ntail=12  n=330     2.260e-04 sigma    515x better
      msub=6   nfin=12  ntail=16  n=402     8.872e-06 sigma  13113x better
      msub=8   nfin=8   ntail=12  n=440     4.634e-06 sigma  25107x better
      msub=8   nfin=8   ntail=16  n=472     6.283e-08 sigma  1851595x better
      msub=8   nfin=12  ntail=16  n=536     6.283e-08 sigma  1851595x better
      msub=8   nfin=16  ntail=16  n=600     6.283e-08 sigma  1851595x better
      msub=10  nfin=12  ntail=16  n=670     4.236e-10 sigma  274638950x better
  Ntot=1e+06  BASELINE old global map, 800 nodes:     0.3679 sigma
      msub=6   nfin=8   ntail=12  n=330     7.148e-04 sigma    515x better
      msub=6   nfin=12  ntail=16  n=402     2.805e-05 sigma  13113x better
      msub=8   nfin=8   ntail=12  n=440     1.465e-05 sigma  25107x better
      msub=8   nfin=8   ntail=16  n=472     1.987e-07 sigma  1851595x better
      msub=8   nfin=12  ntail=16  n=536     1.987e-07 sigma  1851595x better
      msub=8   nfin=16  ntail=16  n=600     1.987e-07 sigma  1851595x better
      msub=10  nfin=12  ntail=16  n=670     1.340e-09 sigma  274639126x better
  Ntot=1e+07  BASELINE old global map, 800 nodes:     1.1634 sigma
      msub=6   nfin=8   ntail=12  n=330     2.260e-03 sigma    515x better
      msub=6   nfin=12  ntail=16  n=402     8.872e-05 sigma  13113x better
      msub=8   nfin=8   ntail=12  n=440     4.634e-05 sigma  25107x better
      msub=8   nfin=8   ntail=16  n=472     6.283e-07 sigma  1851595x better
      msub=8   nfin=12  ntail=16  n=536     6.283e-07 sigma  1851595x better
      msub=8   nfin=16  ntail=16  n=600     6.283e-07 sigma  1851595x better
      msub=10  nfin=12  ntail=16  n=670     4.236e-09 sigma  274639126x better
  Ntot=1e+08  BASELINE old global map, 800 nodes:     3.6789 sigma
      msub=6   nfin=8   ntail=12  n=330     7.148e-03 sigma    515x better
      msub=6   nfin=12  ntail=16  n=402     2.805e-04 sigma  13113x better
      msub=8   nfin=8   ntail=12  n=440     1.465e-04 sigma  25107x better
      msub=8   nfin=8   ntail=16  n=472     1.987e-06 sigma  1851595x better
      msub=8   nfin=12  ntail=16  n=536     1.987e-06 sigma  1851595x better
      msub=8   nfin=16  ntail=16  n=600     1.987e-06 sigma  1851595x better
      msub=10  nfin=12  ntail=16  n=670     1.340e-08 sigma  274639013x better

== TNEMPTY  alpha=0.500  th_discr=400  (reference: 1284 nodes, same th)
  Ntot=1e+05  BASELINE old global map, 800 nodes:     0.1270 sigma
      msub=6   nfin=8   ntail=12  n=330     1.944e-04 sigma    653x better
      msub=6   nfin=12  ntail=16  n=402     2.355e-06 sigma  53924x better
      msub=8   nfin=8   ntail=12  n=440     6.079e-06 sigma  20886x better
      msub=8   nfin=8   ntail=16  n=472     6.079e-06 sigma  20886x better
      msub=8   nfin=12  ntail=16  n=536     1.651e-08 sigma  7692286x better
      msub=8   nfin=16  ntail=16  n=600     1.826e-10 sigma  695518180x better
      msub=10  nfin=12  ntail=16  n=670     1.148e-10 sigma  1106343171x better
  Ntot=1e+06  BASELINE old global map, 800 nodes:     0.4015 sigma
      msub=6   nfin=8   ntail=12  n=330     6.149e-04 sigma    653x better
      msub=6   nfin=12  ntail=16  n=402     7.446e-06 sigma  53924x better
      msub=8   nfin=8   ntail=12  n=440     1.922e-05 sigma  20886x better
      msub=8   nfin=8   ntail=16  n=472     1.922e-05 sigma  20886x better
      msub=8   nfin=12  ntail=16  n=536     5.220e-08 sigma  7692286x better
      msub=8   nfin=16  ntail=16  n=600     5.773e-10 sigma  695517517x better
      msub=10  nfin=12  ntail=16  n=670     3.629e-10 sigma  1106343632x better
  Ntot=1e+07  BASELINE old global map, 800 nodes:     1.2697 sigma
      msub=6   nfin=8   ntail=12  n=330     1.944e-03 sigma    653x better
      msub=6   nfin=12  ntail=16  n=402     2.355e-05 sigma  53924x better
      msub=8   nfin=8   ntail=12  n=440     6.079e-05 sigma  20886x better
      msub=8   nfin=8   ntail=16  n=472     6.079e-05 sigma  20886x better
      msub=8   nfin=12  ntail=16  n=536     1.651e-07 sigma  7692286x better
      msub=8   nfin=16  ntail=16  n=600     1.826e-09 sigma  695518153x better
      msub=10  nfin=12  ntail=16  n=670     1.148e-09 sigma  1106343263x better
  Ntot=1e+08  BASELINE old global map, 800 nodes:     4.0153 sigma
      msub=6   nfin=8   ntail=12  n=330     6.149e-03 sigma    653x better
      msub=6   nfin=12  ntail=16  n=402     7.446e-05 sigma  53924x better
      msub=8   nfin=8   ntail=12  n=440     1.922e-04 sigma  20886x better
      msub=8   nfin=8   ntail=16  n=472     1.922e-04 sigma  20886x better
      msub=8   nfin=12  ntail=16  n=536     5.220e-07 sigma  7692286x better
      msub=8   nfin=16  ntail=16  n=600     5.773e-09 sigma  695517983x better
      msub=10  nfin=12  ntail=16  n=670     3.629e-09 sigma  1106342969x better

== TNEMPTY  alpha=0.500  th_discr=800  (reference: 1284 nodes, same th)
  Ntot=1e+05  BASELINE old global map, 800 nodes:     0.1269 sigma
      msub=6   nfin=8   ntail=12  n=330     1.944e-04 sigma    653x better
      msub=6   nfin=12  ntail=16  n=402     2.354e-06 sigma  53934x better
      msub=8   nfin=8   ntail=12  n=440     6.072e-06 sigma  20908x better
      msub=8   nfin=8   ntail=16  n=472     6.072e-06 sigma  20908x better
      msub=8   nfin=12  ntail=16  n=536     1.651e-08 sigma  7687071x better
      msub=8   nfin=16  ntail=16  n=600     1.825e-10 sigma  695694481x better
      msub=10  nfin=12  ntail=16  n=670     1.154e-10 sigma  1099775782x better
  Ntot=1e+06  BASELINE old global map, 800 nodes:     0.4014 sigma
      msub=6   nfin=8   ntail=12  n=330     6.148e-04 sigma    653x better
      msub=6   nfin=12  ntail=16  n=402     7.443e-06 sigma  53934x better
      msub=8   nfin=8   ntail=12  n=440     1.920e-05 sigma  20908x better
      msub=8   nfin=8   ntail=16  n=472     1.920e-05 sigma  20908x better
      msub=8   nfin=12  ntail=16  n=536     5.222e-08 sigma  7687071x better
      msub=8   nfin=16  ntail=16  n=600     5.770e-10 sigma  695693815x better
      msub=10  nfin=12  ntail=16  n=670     3.650e-10 sigma  1099775782x better
  Ntot=1e+07  BASELINE old global map, 800 nodes:     1.2695 sigma
      msub=6   nfin=8   ntail=12  n=330     1.944e-03 sigma    653x better
      msub=6   nfin=12  ntail=16  n=402     2.354e-05 sigma  53934x better
      msub=8   nfin=8   ntail=12  n=440     6.072e-05 sigma  20908x better
      msub=8   nfin=8   ntail=16  n=472     6.072e-05 sigma  20908x better
      msub=8   nfin=12  ntail=16  n=536     1.651e-07 sigma  7687071x better
      msub=8   nfin=16  ntail=16  n=600     1.825e-09 sigma  695693815x better
      msub=10  nfin=12  ntail=16  n=670     1.154e-09 sigma  1099776878x better
  Ntot=1e+08  BASELINE old global map, 800 nodes:     4.0144 sigma
      msub=6   nfin=8   ntail=12  n=330     6.148e-03 sigma    653x better
      msub=6   nfin=12  ntail=16  n=402     7.443e-05 sigma  53934x better
      msub=8   nfin=8   ntail=12  n=440     1.920e-04 sigma  20908x better
      msub=8   nfin=8   ntail=16  n=472     1.920e-04 sigma  20908x better
      msub=8   nfin=12  ntail=16  n=536     5.222e-07 sigma  7687071x better
      msub=8   nfin=16  ntail=16  n=600     5.770e-09 sigma  695694497x better
      msub=10  nfin=12  ntail=16  n=670     3.650e-09 sigma  1099776586x better

== TNEMPTY  alpha=0.500  th_discr=1600  (reference: 1284 nodes, same th)
  Ntot=1e+05  BASELINE old global map, 800 nodes:     0.1269 sigma
      msub=6   nfin=8   ntail=12  n=330     1.944e-04 sigma    653x better
      msub=6   nfin=12  ntail=16  n=402     2.353e-06 sigma  53923x better
      msub=8   nfin=8   ntail=12  n=440     6.066e-06 sigma  20920x better
      msub=8   nfin=8   ntail=16  n=472     6.066e-06 sigma  20920x better
      msub=8   nfin=12  ntail=16  n=536     1.653e-08 sigma  7674829x better
      msub=8   nfin=16  ntail=16  n=600     1.824e-10 sigma  695675696x better
      msub=10  nfin=12  ntail=16  n=670     1.156e-10 sigma  1097952963x better
  Ntot=1e+06  BASELINE old global map, 800 nodes:     0.4013 sigma
      msub=6   nfin=8   ntail=12  n=330     6.147e-04 sigma    653x better
      msub=6   nfin=12  ntail=16  n=402     7.442e-06 sigma  53923x better
      msub=8   nfin=8   ntail=12  n=440     1.918e-05 sigma  20920x better
      msub=8   nfin=8   ntail=16  n=472     1.918e-05 sigma  20920x better
      msub=8   nfin=12  ntail=16  n=536     5.229e-08 sigma  7674829x better
      msub=8   nfin=16  ntail=16  n=600     5.768e-10 sigma  695676496x better
      msub=10  nfin=12  ntail=16  n=670     3.655e-10 sigma  1097954559x better
  Ntot=1e+07  BASELINE old global map, 800 nodes:     1.2690 sigma
      msub=6   nfin=8   ntail=12  n=330     1.944e-03 sigma    653x better
      msub=6   nfin=12  ntail=16  n=402     2.353e-05 sigma  53923x better
      msub=8   nfin=8   ntail=12  n=440     6.066e-05 sigma  20920x better
      msub=8   nfin=8   ntail=16  n=472     6.066e-05 sigma  20920x better
      msub=8   nfin=12  ntail=16  n=536     1.653e-07 sigma  7674829x better
      msub=8   nfin=16  ntail=16  n=600     1.824e-09 sigma  695675430x better
      msub=10  nfin=12  ntail=16  n=670     1.156e-09 sigma  1097952735x better
  Ntot=1e+08  BASELINE old global map, 800 nodes:     4.0129 sigma
      msub=6   nfin=8   ntail=12  n=330     6.147e-03 sigma    653x better
      msub=6   nfin=12  ntail=16  n=402     7.442e-05 sigma  53923x better
      msub=8   nfin=8   ntail=12  n=440     1.918e-04 sigma  20920x better
      msub=8   nfin=8   ntail=16  n=472     1.918e-04 sigma  20920x better
      msub=8   nfin=12  ntail=16  n=536     5.229e-07 sigma  7674829x better
      msub=8   nfin=16  ntail=16  n=600     5.768e-09 sigma  695675771x better
      msub=10  nfin=12  ntail=16  n=670     3.655e-09 sigma  1097953611x better

== TNFIT  alpha=0.667  th_discr=400  (reference: 1884 nodes, same th)
  Ntot=1e+05  BASELINE old global map, 800 nodes:     0.2084 sigma
      msub=6   nfin=8   ntail=12  n=438     8.011e-05 sigma   2601x better
      msub=6   nfin=12  ntail=16  n=558     1.198e-06 sigma  174000x better
      msub=8   nfin=8   ntail=12  n=584     1.486e-06 sigma  140252x better
      msub=8   nfin=8   ntail=16  n=616     1.486e-06 sigma  140252x better
      msub=8   nfin=12  ntail=16  n=744     5.779e-09 sigma  36061493x better
      msub=8   nfin=16  ntail=16  n=872     7.259e-11 sigma  2870902443x better
      msub=10  nfin=12  ntail=16  n=930     2.676e-11 sigma  7786469861x better
  Ntot=1e+06  BASELINE old global map, 800 nodes:     0.6590 sigma
      msub=6   nfin=8   ntail=12  n=438     2.533e-04 sigma   2601x better
      msub=6   nfin=12  ntail=16  n=558     3.787e-06 sigma  174000x better
      msub=8   nfin=8   ntail=12  n=584     4.699e-06 sigma  140252x better
      msub=8   nfin=8   ntail=16  n=616     4.699e-06 sigma  140252x better
      msub=8   nfin=12  ntail=16  n=744     1.827e-08 sigma  36061494x better
      msub=8   nfin=16  ntail=16  n=872     2.295e-10 sigma  2870897976x better
      msub=10  nfin=12  ntail=16  n=930     8.463e-11 sigma  7786520316x better
  Ntot=1e+07  BASELINE old global map, 800 nodes:     2.0839 sigma
      msub=6   nfin=8   ntail=12  n=438     8.011e-04 sigma   2601x better
      msub=6   nfin=12  ntail=16  n=558     1.198e-05 sigma  174000x better
      msub=8   nfin=8   ntail=12  n=584     1.486e-05 sigma  140252x better
      msub=8   nfin=8   ntail=16  n=616     1.486e-05 sigma  140252x better
      msub=8   nfin=12  ntail=16  n=744     5.779e-08 sigma  36061494x better
      msub=8   nfin=16  ntail=16  n=872     7.259e-10 sigma  2870897976x better
      msub=10  nfin=12  ntail=16  n=930     2.676e-10 sigma  7786560681x better
  Ntot=1e+08  BASELINE old global map, 800 nodes:     6.5900 sigma
      msub=6   nfin=8   ntail=12  n=438     2.533e-03 sigma   2601x better
      msub=6   nfin=12  ntail=16  n=558     3.787e-05 sigma  174000x better
      msub=8   nfin=8   ntail=12  n=584     4.699e-05 sigma  140252x better
      msub=8   nfin=8   ntail=16  n=616     4.699e-05 sigma  140252x better
      msub=8   nfin=12  ntail=16  n=744     1.827e-07 sigma  36061494x better
      msub=8   nfin=16  ntail=16  n=872     2.295e-09 sigma  2870897976x better
      msub=10  nfin=12  ntail=16  n=930     8.463e-10 sigma  7786496097x better

== TNFIT  alpha=0.667  th_discr=800  (reference: 1884 nodes, same th)
  Ntot=1e+05  BASELINE old global map, 800 nodes:     0.2088 sigma
      msub=6   nfin=8   ntail=12  n=438     8.032e-05 sigma   2599x better
      msub=6   nfin=12  ntail=16  n=558     1.199e-06 sigma  174081x better
      msub=8   nfin=8   ntail=12  n=584     1.486e-06 sigma  140509x better
      msub=8   nfin=8   ntail=16  n=616     1.486e-06 sigma  140509x better
      msub=8   nfin=12  ntail=16  n=744     5.802e-09 sigma  35983708x better
      msub=8   nfin=16  ntail=16  n=872     7.272e-11 sigma  2871211705x better
      msub=10  nfin=12  ntail=16  n=930     2.683e-11 sigma  7781027837x better
  Ntot=1e+06  BASELINE old global map, 800 nodes:     0.6602 sigma
      msub=6   nfin=8   ntail=12  n=438     2.540e-04 sigma   2599x better
      msub=6   nfin=12  ntail=16  n=558     3.793e-06 sigma  174081x better
      msub=8   nfin=8   ntail=12  n=584     4.699e-06 sigma  140509x better
      msub=8   nfin=8   ntail=16  n=616     4.699e-06 sigma  140509x better
      msub=8   nfin=12  ntail=16  n=744     1.835e-08 sigma  35983710x better
      msub=8   nfin=16  ntail=16  n=872     2.299e-10 sigma  2871216184x better
      msub=10  nfin=12  ntail=16  n=930     8.485e-11 sigma  7780977211x better
  Ntot=1e+07  BASELINE old global map, 800 nodes:     2.0878 sigma
      msub=6   nfin=8   ntail=12  n=438     8.032e-04 sigma   2599x better
      msub=6   nfin=12  ntail=16  n=558     1.199e-05 sigma  174081x better
      msub=8   nfin=8   ntail=12  n=584     1.486e-05 sigma  140509x better
      msub=8   nfin=8   ntail=16  n=616     1.486e-05 sigma  140509x better
      msub=8   nfin=12  ntail=16  n=744     5.802e-08 sigma  35983709x better
      msub=8   nfin=16  ntail=16  n=872     7.272e-10 sigma  2871212601x better
      msub=10  nfin=12  ntail=16  n=930     2.683e-10 sigma  7780977211x better
  Ntot=1e+08  BASELINE old global map, 800 nodes:     6.6023 sigma
      msub=6   nfin=8   ntail=12  n=438     2.540e-03 sigma   2599x better
      msub=6   nfin=12  ntail=16  n=558     3.793e-05 sigma  174081x better
      msub=8   nfin=8   ntail=12  n=584     4.699e-05 sigma  140509x better
      msub=8   nfin=8   ntail=16  n=616     4.699e-05 sigma  140509x better
      msub=8   nfin=12  ntail=16  n=744     1.835e-07 sigma  35983709x better
      msub=8   nfin=16  ntail=16  n=872     2.299e-09 sigma  2871218334x better
      msub=10  nfin=12  ntail=16  n=930     8.485e-10 sigma  7781042012x better

== TNFIT  alpha=0.667  th_discr=1600  (reference: 1884 nodes, same th)
  Ntot=1e+05  BASELINE old global map, 800 nodes:     0.2088 sigma
      msub=6   nfin=8   ntail=12  n=438     8.039e-05 sigma   2598x better
      msub=6   nfin=12  ntail=16  n=558     1.200e-06 sigma  173961x better
      msub=8   nfin=8   ntail=12  n=584     1.486e-06 sigma  140532x better
      msub=8   nfin=8   ntail=16  n=616     1.486e-06 sigma  140532x better
      msub=8   nfin=12  ntail=16  n=744     5.808e-09 sigma  35952714x better
      msub=8   nfin=16  ntail=16  n=872     7.279e-11 sigma  2868976221x better
      msub=10  nfin=12  ntail=16  n=930     2.685e-11 sigma  7777009126x better
  Ntot=1e+06  BASELINE old global map, 800 nodes:     0.6604 sigma
      msub=6   nfin=8   ntail=12  n=438     2.542e-04 sigma   2598x better
      msub=6   nfin=12  ntail=16  n=558     3.796e-06 sigma  173961x better
      msub=8   nfin=8   ntail=12  n=584     4.699e-06 sigma  140532x better
      msub=8   nfin=8   ntail=16  n=616     4.699e-06 sigma  140532x better
      msub=8   nfin=12  ntail=16  n=744     1.837e-08 sigma  35952711x better
      msub=8   nfin=16  ntail=16  n=872     2.302e-10 sigma  2868994120x better
      msub=10  nfin=12  ntail=16  n=930     8.491e-11 sigma  7777161038x better
  Ntot=1e+07  BASELINE old global map, 800 nodes:     2.0883 sigma
      msub=6   nfin=8   ntail=12  n=438     8.039e-04 sigma   2598x better
      msub=6   nfin=12  ntail=16  n=558     1.200e-05 sigma  173961x better
      msub=8   nfin=8   ntail=12  n=584     1.486e-05 sigma  140532x better
      msub=8   nfin=8   ntail=16  n=616     1.486e-05 sigma  140532x better
      msub=8   nfin=12  ntail=16  n=744     5.808e-08 sigma  35952714x better
      msub=8   nfin=16  ntail=16  n=872     7.279e-10 sigma  2868969062x better
      msub=10  nfin=12  ntail=16  n=930     2.685e-10 sigma  7777059763x better
  Ntot=1e+08  BASELINE old global map, 800 nodes:     6.6038 sigma
      msub=6   nfin=8   ntail=12  n=438     2.542e-03 sigma   2598x better
      msub=6   nfin=12  ntail=16  n=558     3.796e-05 sigma  173961x better
      msub=8   nfin=8   ntail=12  n=584     4.699e-05 sigma  140532x better
      msub=8   nfin=8   ntail=16  n=616     4.699e-05 sigma  140532x better
      msub=8   nfin=12  ntail=16  n=744     1.837e-07 sigma  35952714x better
      msub=8   nfin=16  ntail=16  n=872     2.302e-09 sigma  2868989108x better
      msub=10  nfin=12  ntail=16  n=930     8.491e-10 sigma  7777027355x better

== TNSTAT  alpha=0.667  th_discr=400  (reference: 684 nodes, same th)
  Ntot=1e+05  BASELINE old global map, 800 nodes:     0.2533 sigma
      msub=6   nfin=8   ntail=12  n=222     2.436e-04 sigma   1040x better
      msub=6   nfin=12  ntail=16  n=246     8.873e-06 sigma  28553x better
      msub=8   nfin=8   ntail=12  n=296     5.109e-06 sigma  49586x better
      msub=8   nfin=8   ntail=16  n=328     6.481e-08 sigma  3909146x better
      msub=8   nfin=12  ntail=16  n=328     6.481e-08 sigma  3909146x better
      msub=8   nfin=16  ntail=16  n=328     6.481e-08 sigma  3909146x better
      msub=10  nfin=12  ntail=16  n=410     4.734e-10 sigma  535175698x better
  Ntot=1e+06  BASELINE old global map, 800 nodes:     0.8012 sigma
      msub=6   nfin=8   ntail=12  n=222     7.703e-04 sigma   1040x better
      msub=6   nfin=12  ntail=16  n=246     2.806e-05 sigma  28553x better
      msub=8   nfin=8   ntail=12  n=296     1.616e-05 sigma  49586x better
      msub=8   nfin=8   ntail=16  n=328     2.049e-07 sigma  3909146x better
      msub=8   nfin=12  ntail=16  n=328     2.049e-07 sigma  3909146x better
      msub=8   nfin=16  ntail=16  n=328     2.049e-07 sigma  3909146x better
      msub=10  nfin=12  ntail=16  n=410     1.497e-09 sigma  535176641x better
  Ntot=1e+07  BASELINE old global map, 800 nodes:     2.5335 sigma
      msub=6   nfin=8   ntail=12  n=222     2.436e-03 sigma   1040x better
      msub=6   nfin=12  ntail=16  n=246     8.873e-05 sigma  28553x better
      msub=8   nfin=8   ntail=12  n=296     5.109e-05 sigma  49586x better
      msub=8   nfin=8   ntail=16  n=328     6.481e-07 sigma  3909146x better
      msub=8   nfin=12  ntail=16  n=328     6.481e-07 sigma  3909146x better
      msub=8   nfin=16  ntail=16  n=328     6.481e-07 sigma  3909146x better
      msub=10  nfin=12  ntail=16  n=410     4.734e-09 sigma  535177018x better
  Ntot=1e+08  BASELINE old global map, 800 nodes:     8.0116 sigma
      msub=6   nfin=8   ntail=12  n=222     7.703e-03 sigma   1040x better
      msub=6   nfin=12  ntail=16  n=246     2.806e-04 sigma  28553x better
      msub=8   nfin=8   ntail=12  n=296     1.616e-04 sigma  49586x better
      msub=8   nfin=8   ntail=16  n=328     2.049e-06 sigma  3909146x better
      msub=8   nfin=12  ntail=16  n=328     2.049e-06 sigma  3909146x better
      msub=8   nfin=16  ntail=16  n=328     2.049e-06 sigma  3909146x better
      msub=10  nfin=12  ntail=16  n=410     1.497e-08 sigma  535176415x better

== TNSTAT  alpha=0.667  th_discr=800  (reference: 684 nodes, same th)
  Ntot=1e+05  BASELINE old global map, 800 nodes:     0.2537 sigma
      msub=6   nfin=8   ntail=12  n=222     2.445e-04 sigma   1038x better
      msub=6   nfin=12  ntail=16  n=246     8.907e-06 sigma  28480x better
      msub=8   nfin=8   ntail=12  n=296     5.137e-06 sigma  49384x better
      msub=8   nfin=8   ntail=16  n=328     6.507e-08 sigma  3898537x better
      msub=8   nfin=12  ntail=16  n=328     6.507e-08 sigma  3898537x better
      msub=8   nfin=16  ntail=16  n=328     6.507e-08 sigma  3898537x better
      msub=10  nfin=12  ntail=16  n=410     4.760e-10 sigma  532944810x better
  Ntot=1e+06  BASELINE old global map, 800 nodes:     0.8022 sigma
      msub=6   nfin=8   ntail=12  n=222     7.731e-04 sigma   1038x better
      msub=6   nfin=12  ntail=16  n=246     2.817e-05 sigma  28480x better
      msub=8   nfin=8   ntail=12  n=296     1.624e-05 sigma  49384x better
      msub=8   nfin=8   ntail=16  n=328     2.058e-07 sigma  3898537x better
      msub=8   nfin=12  ntail=16  n=328     2.058e-07 sigma  3898537x better
      msub=8   nfin=16  ntail=16  n=328     2.058e-07 sigma  3898537x better
      msub=10  nfin=12  ntail=16  n=410     1.505e-09 sigma  532944109x better
  Ntot=1e+07  BASELINE old global map, 800 nodes:     2.5367 sigma
      msub=6   nfin=8   ntail=12  n=222     2.445e-03 sigma   1038x better
      msub=6   nfin=12  ntail=16  n=246     8.907e-05 sigma  28480x better
      msub=8   nfin=8   ntail=12  n=296     5.137e-05 sigma  49384x better
      msub=8   nfin=8   ntail=16  n=328     6.507e-07 sigma  3898537x better
      msub=8   nfin=12  ntail=16  n=328     6.507e-07 sigma  3898537x better
      msub=8   nfin=16  ntail=16  n=328     6.507e-07 sigma  3898537x better
      msub=10  nfin=12  ntail=16  n=410     4.760e-09 sigma  532944670x better
  Ntot=1e+08  BASELINE old global map, 800 nodes:     8.0217 sigma
      msub=6   nfin=8   ntail=12  n=222     7.731e-03 sigma   1038x better
      msub=6   nfin=12  ntail=16  n=246     2.817e-04 sigma  28480x better
      msub=8   nfin=8   ntail=12  n=296     1.624e-04 sigma  49384x better
      msub=8   nfin=8   ntail=16  n=328     2.058e-06 sigma  3898537x better
      msub=8   nfin=12  ntail=16  n=328     2.058e-06 sigma  3898537x better
      msub=8   nfin=16  ntail=16  n=328     2.058e-06 sigma  3898537x better
      msub=10  nfin=12  ntail=16  n=410     1.505e-08 sigma  532945268x better

== TNSTAT  alpha=0.667  th_discr=1600  (reference: 684 nodes, same th)
  Ntot=1e+05  BASELINE old global map, 800 nodes:     0.2535 sigma
      msub=6   nfin=8   ntail=12  n=222     2.444e-04 sigma   1037x better
      msub=6   nfin=12  ntail=16  n=246     8.902e-06 sigma  28482x better
      msub=8   nfin=8   ntail=12  n=296     5.146e-06 sigma  49271x better
      msub=8   nfin=8   ntail=16  n=328     6.505e-08 sigma  3897719x better
      msub=8   nfin=12  ntail=16  n=328     6.505e-08 sigma  3897719x better
      msub=8   nfin=16  ntail=16  n=328     6.505e-08 sigma  3897719x better
      msub=10  nfin=12  ntail=16  n=410     4.767e-10 sigma  531873782x better
  Ntot=1e+06  BASELINE old global map, 800 nodes:     0.8018 sigma
      msub=6   nfin=8   ntail=12  n=222     7.730e-04 sigma   1037x better
      msub=6   nfin=12  ntail=16  n=246     2.815e-05 sigma  28482x better
      msub=8   nfin=8   ntail=12  n=296     1.627e-05 sigma  49271x better
      msub=8   nfin=8   ntail=16  n=328     2.057e-07 sigma  3897719x better
      msub=8   nfin=12  ntail=16  n=328     2.057e-07 sigma  3897719x better
      msub=8   nfin=16  ntail=16  n=328     2.057e-07 sigma  3897719x better
      msub=10  nfin=12  ntail=16  n=410     1.507e-09 sigma  531872851x better
  Ntot=1e+07  BASELINE old global map, 800 nodes:     2.5354 sigma
      msub=6   nfin=8   ntail=12  n=222     2.444e-03 sigma   1037x better
      msub=6   nfin=12  ntail=16  n=246     8.902e-05 sigma  28482x better
      msub=8   nfin=8   ntail=12  n=296     5.146e-05 sigma  49271x better
      msub=8   nfin=8   ntail=16  n=328     6.505e-07 sigma  3897719x better
      msub=8   nfin=12  ntail=16  n=328     6.505e-07 sigma  3897719x better
      msub=8   nfin=16  ntail=16  n=328     6.505e-07 sigma  3897719x better
      msub=10  nfin=12  ntail=16  n=410     4.767e-09 sigma  531873596x better
  Ntot=1e+08  BASELINE old global map, 800 nodes:     8.0178 sigma
      msub=6   nfin=8   ntail=12  n=222     7.730e-03 sigma   1037x better
      msub=6   nfin=12  ntail=16  n=246     2.815e-04 sigma  28482x better
      msub=8   nfin=8   ntail=12  n=296     1.627e-04 sigma  49271x better
      msub=8   nfin=8   ntail=16  n=328     2.057e-06 sigma  3897719x better
      msub=8   nfin=12  ntail=16  n=328     2.057e-06 sigma  3897719x better
      msub=8   nfin=16  ntail=16  n=328     2.057e-06 sigma  3897719x better
      msub=10  nfin=12  ntail=16  n=410     1.507e-08 sigma  531873894x better

== TNSTALL  alpha=0.667  th_discr=400  (reference: 1284 nodes, same th)
  Ntot=1e+05  BASELINE old global map, 800 nodes:     0.3182 sigma
      msub=6   nfin=8   ntail=12  n=330     2.406e-04 sigma   1322x better
      msub=6   nfin=12  ntail=16  n=402     2.902e-06 sigma  109646x better
      msub=8   nfin=8   ntail=12  n=440     7.608e-06 sigma  41823x better
      msub=8   nfin=8   ntail=16  n=472     7.608e-06 sigma  41823x better
      msub=8   nfin=12  ntail=16  n=536     2.126e-08 sigma  14964145x better
      msub=8   nfin=16  ntail=16  n=600     2.261e-10 sigma  1407031692x better
      msub=10  nfin=12  ntail=16  n=670     1.475e-10 sigma  2156882269x better
  Ntot=1e+06  BASELINE old global map, 800 nodes:     1.0062 sigma
      msub=6   nfin=8   ntail=12  n=330     7.609e-04 sigma   1322x better
      msub=6   nfin=12  ntail=16  n=402     9.176e-06 sigma  109646x better
      msub=8   nfin=8   ntail=12  n=440     2.406e-05 sigma  41823x better
      msub=8   nfin=8   ntail=16  n=472     2.406e-05 sigma  41823x better
      msub=8   nfin=12  ntail=16  n=536     6.724e-08 sigma  14964145x better
      msub=8   nfin=16  ntail=16  n=600     7.151e-10 sigma  1407032817x better
      msub=10  nfin=12  ntail=16  n=670     4.665e-10 sigma  2156883587x better
  Ntot=1e+07  BASELINE old global map, 800 nodes:     3.1817 sigma
      msub=6   nfin=8   ntail=12  n=330     2.406e-03 sigma   1322x better
      msub=6   nfin=12  ntail=16  n=402     2.902e-05 sigma  109646x better
      msub=8   nfin=8   ntail=12  n=440     7.608e-05 sigma  41823x better
      msub=8   nfin=8   ntail=16  n=472     7.608e-05 sigma  41823x better
      msub=8   nfin=12  ntail=16  n=536     2.126e-07 sigma  14964145x better
      msub=8   nfin=16  ntail=16  n=600     2.261e-09 sigma  1407033717x better
      msub=10  nfin=12  ntail=16  n=670     1.475e-09 sigma  2156882005x better
  Ntot=1e+08  BASELINE old global map, 800 nodes:    10.0615 sigma
      msub=6   nfin=8   ntail=12  n=330     7.609e-03 sigma   1322x better
      msub=6   nfin=12  ntail=16  n=402     9.176e-05 sigma  109646x better
      msub=8   nfin=8   ntail=12  n=440     2.406e-04 sigma  41823x better
      msub=8   nfin=8   ntail=16  n=472     2.406e-04 sigma  41823x better
      msub=8   nfin=12  ntail=16  n=536     6.724e-07 sigma  14964145x better
      msub=8   nfin=16  ntail=16  n=600     7.151e-09 sigma  1407033237x better
      msub=10  nfin=12  ntail=16  n=670     4.665e-09 sigma  2156882849x better

== TNSTALL  alpha=0.667  th_discr=800  (reference: 1284 nodes, same th)
  Ntot=1e+05  BASELINE old global map, 800 nodes:     0.3186 sigma
      msub=6   nfin=8   ntail=12  n=330     2.403e-04 sigma   1326x better
      msub=6   nfin=12  ntail=16  n=402     2.920e-06 sigma  109116x better
      msub=8   nfin=8   ntail=12  n=440     7.665e-06 sigma  41567x better
      msub=8   nfin=8   ntail=16  n=472     7.665e-06 sigma  41567x better
      msub=8   nfin=12  ntail=16  n=536     2.138e-08 sigma  14900691x better
      msub=8   nfin=16  ntail=16  n=600     2.281e-10 sigma  1396602916x better
      msub=10  nfin=12  ntail=16  n=670     1.483e-10 sigma  2148838937x better
  Ntot=1e+06  BASELINE old global map, 800 nodes:     1.0075 sigma
      msub=6   nfin=8   ntail=12  n=330     7.600e-04 sigma   1326x better
      msub=6   nfin=12  ntail=16  n=402     9.233e-06 sigma  109116x better
      msub=8   nfin=8   ntail=12  n=440     2.424e-05 sigma  41567x better
      msub=8   nfin=8   ntail=16  n=472     2.424e-05 sigma  41567x better
      msub=8   nfin=12  ntail=16  n=536     6.761e-08 sigma  14900691x better
      msub=8   nfin=16  ntail=16  n=600     7.214e-10 sigma  1396602174x better
      msub=10  nfin=12  ntail=16  n=670     4.689e-10 sigma  2148840911x better
  Ntot=1e+07  BASELINE old global map, 800 nodes:     3.1860 sigma
      msub=6   nfin=8   ntail=12  n=330     2.403e-03 sigma   1326x better
      msub=6   nfin=12  ntail=16  n=402     2.920e-05 sigma  109116x better
      msub=8   nfin=8   ntail=12  n=440     7.665e-05 sigma  41567x better
      msub=8   nfin=8   ntail=16  n=472     7.665e-05 sigma  41567x better
      msub=8   nfin=12  ntail=16  n=536     2.138e-07 sigma  14900691x better
      msub=8   nfin=16  ntail=16  n=600     2.281e-09 sigma  1396603064x better
      msub=10  nfin=12  ntail=16  n=670     1.483e-09 sigma  2148839858x better
  Ntot=1e+08  BASELINE old global map, 800 nodes:    10.0750 sigma
      msub=6   nfin=8   ntail=12  n=330     7.600e-03 sigma   1326x better
      msub=6   nfin=12  ntail=16  n=402     9.233e-05 sigma  109116x better
      msub=8   nfin=8   ntail=12  n=440     2.424e-04 sigma  41567x better
      msub=8   nfin=8   ntail=16  n=472     2.424e-04 sigma  41567x better
      msub=8   nfin=12  ntail=16  n=536     6.761e-07 sigma  14900691x better
      msub=8   nfin=16  ntail=16  n=600     7.214e-09 sigma  1396602589x better
      msub=10  nfin=12  ntail=16  n=670     4.689e-09 sigma  2148837753x better

== TNSTALL  alpha=0.667  th_discr=1600  (reference: 1284 nodes, same th)
  Ntot=1e+05  BASELINE old global map, 800 nodes:     0.3187 sigma
      msub=6   nfin=8   ntail=12  n=330     2.405e-04 sigma   1325x better
      msub=6   nfin=12  ntail=16  n=402     2.924e-06 sigma  108989x better
      msub=8   nfin=8   ntail=12  n=440     7.676e-06 sigma  41516x better
      msub=8   nfin=8   ntail=16  n=472     7.676e-06 sigma  41516x better
      msub=8   nfin=12  ntail=16  n=536     2.140e-08 sigma  14888308x better
      msub=8   nfin=16  ntail=16  n=600     2.286e-10 sigma  1394170407x better
      msub=10  nfin=12  ntail=16  n=670     1.483e-10 sigma  2148223857x better
  Ntot=1e+06  BASELINE old global map, 800 nodes:     1.0077 sigma
      msub=6   nfin=8   ntail=12  n=330     7.606e-04 sigma   1325x better
      msub=6   nfin=12  ntail=16  n=402     9.246e-06 sigma  108989x better
      msub=8   nfin=8   ntail=12  n=440     2.427e-05 sigma  41516x better
      msub=8   nfin=8   ntail=16  n=472     2.427e-05 sigma  41516x better
      msub=8   nfin=12  ntail=16  n=536     6.769e-08 sigma  14888308x better
      msub=8   nfin=16  ntail=16  n=600     7.228e-10 sigma  1394169667x better
      msub=10  nfin=12  ntail=16  n=670     4.691e-10 sigma  2148224186x better
  Ntot=1e+07  BASELINE old global map, 800 nodes:     3.1868 sigma
      msub=6   nfin=8   ntail=12  n=330     2.405e-03 sigma   1325x better
      msub=6   nfin=12  ntail=16  n=402     2.924e-05 sigma  108989x better
      msub=8   nfin=8   ntail=12  n=440     7.676e-05 sigma  41516x better
      msub=8   nfin=8   ntail=16  n=472     7.676e-05 sigma  41516x better
      msub=8   nfin=12  ntail=16  n=536     2.140e-07 sigma  14888308x better
      msub=8   nfin=16  ntail=16  n=600     2.286e-09 sigma  1394169667x better
      msub=10  nfin=12  ntail=16  n=670     1.483e-09 sigma  2148223132x better
  Ntot=1e+08  BASELINE old global map, 800 nodes:    10.0774 sigma
      msub=6   nfin=8   ntail=12  n=330     7.606e-03 sigma   1325x better
      msub=6   nfin=12  ntail=16  n=402     9.246e-05 sigma  108989x better
      msub=8   nfin=8   ntail=12  n=440     2.427e-04 sigma  41516x better
      msub=8   nfin=8   ntail=16  n=472     2.427e-04 sigma  41516x better
      msub=8   nfin=12  ntail=16  n=536     6.769e-07 sigma  14888308x better
      msub=8   nfin=16  ntail=16  n=600     7.228e-09 sigma  1394169430x better
      msub=10  nfin=12  ntail=16  n=670     4.691e-09 sigma  2148225240x better

== TNBOUND  alpha=0.667  th_discr=400  (reference: 1284 nodes, same th)
  Ntot=1e+05  BASELINE old global map, 800 nodes:     0.2545 sigma
      msub=6   nfin=8   ntail=12  n=330     2.393e-04 sigma   1063x better
      msub=6   nfin=12  ntail=16  n=402     8.736e-06 sigma  29125x better
      msub=8   nfin=8   ntail=12  n=440     5.086e-06 sigma  50028x better
      msub=8   nfin=8   ntail=16  n=472     6.477e-08 sigma  3928372x better
      msub=8   nfin=12  ntail=16  n=536     6.477e-08 sigma  3928372x better
      msub=8   nfin=16  ntail=16  n=600     6.477e-08 sigma  3928372x better
      msub=10  nfin=12  ntail=16  n=670     4.522e-10 sigma  562697835x better
  Ntot=1e+06  BASELINE old global map, 800 nodes:     0.8046 sigma
      msub=6   nfin=8   ntail=12  n=330     7.568e-04 sigma   1063x better
      msub=6   nfin=12  ntail=16  n=402     2.763e-05 sigma  29125x better
      msub=8   nfin=8   ntail=12  n=440     1.608e-05 sigma  50028x better
      msub=8   nfin=8   ntail=16  n=472     2.048e-07 sigma  3928372x better
      msub=8   nfin=12  ntail=16  n=536     2.048e-07 sigma  3928372x better
      msub=8   nfin=16  ntail=16  n=600     2.048e-07 sigma  3928372x better
      msub=10  nfin=12  ntail=16  n=670     1.430e-09 sigma  562698371x better
  Ntot=1e+07  BASELINE old global map, 800 nodes:     2.5445 sigma
      msub=6   nfin=8   ntail=12  n=330     2.393e-03 sigma   1063x better
      msub=6   nfin=12  ntail=16  n=402     8.736e-05 sigma  29125x better
      msub=8   nfin=8   ntail=12  n=440     5.086e-05 sigma  50028x better
      msub=8   nfin=8   ntail=16  n=472     6.477e-07 sigma  3928372x better
      msub=8   nfin=12  ntail=16  n=536     6.477e-07 sigma  3928372x better
      msub=8   nfin=16  ntail=16  n=600     6.477e-07 sigma  3928372x better
      msub=10  nfin=12  ntail=16  n=670     4.522e-09 sigma  562697942x better
  Ntot=1e+08  BASELINE old global map, 800 nodes:     8.0465 sigma
      msub=6   nfin=8   ntail=12  n=330     7.568e-03 sigma   1063x better
      msub=6   nfin=12  ntail=16  n=402     2.763e-04 sigma  29125x better
      msub=8   nfin=8   ntail=12  n=440     1.608e-04 sigma  50028x better
      msub=8   nfin=8   ntail=16  n=472     2.048e-06 sigma  3928372x better
      msub=8   nfin=12  ntail=16  n=536     2.048e-06 sigma  3928372x better
      msub=8   nfin=16  ntail=16  n=600     2.048e-06 sigma  3928372x better
      msub=10  nfin=12  ntail=16  n=670     1.430e-08 sigma  562698628x better

== TNBOUND  alpha=0.667  th_discr=800  (reference: 1284 nodes, same th)
  Ntot=1e+05  BASELINE old global map, 800 nodes:     0.2548 sigma
      msub=6   nfin=8   ntail=12  n=330     2.400e-04 sigma   1062x better
      msub=6   nfin=12  ntail=16  n=402     8.762e-06 sigma  29080x better
      msub=8   nfin=8   ntail=12  n=440     5.103e-06 sigma  49931x better
      msub=8   nfin=8   ntail=16  n=472     6.498e-08 sigma  3921350x better
      msub=8   nfin=12  ntail=16  n=536     6.498e-08 sigma  3921350x better
      msub=8   nfin=16  ntail=16  n=600     6.498e-08 sigma  3921350x better
      msub=10  nfin=12  ntail=16  n=670     4.546e-10 sigma  560489448x better
  Ntot=1e+06  BASELINE old global map, 800 nodes:     0.8057 sigma
      msub=6   nfin=8   ntail=12  n=330     7.590e-04 sigma   1062x better
      msub=6   nfin=12  ntail=16  n=402     2.771e-05 sigma  29080x better
      msub=8   nfin=8   ntail=12  n=440     1.614e-05 sigma  49931x better
      msub=8   nfin=8   ntail=16  n=472     2.055e-07 sigma  3921350x better
      msub=8   nfin=12  ntail=16  n=536     2.055e-07 sigma  3921350x better
      msub=8   nfin=16  ntail=16  n=600     2.055e-07 sigma  3921350x better
      msub=10  nfin=12  ntail=16  n=670     1.438e-09 sigma  560489714x better
  Ntot=1e+07  BASELINE old global map, 800 nodes:     2.5479 sigma
      msub=6   nfin=8   ntail=12  n=330     2.400e-03 sigma   1062x better
      msub=6   nfin=12  ntail=16  n=402     8.762e-05 sigma  29080x better
      msub=8   nfin=8   ntail=12  n=440     5.103e-05 sigma  49931x better
      msub=8   nfin=8   ntail=16  n=472     6.498e-07 sigma  3921350x better
      msub=8   nfin=12  ntail=16  n=536     6.498e-07 sigma  3921350x better
      msub=8   nfin=16  ntail=16  n=600     6.498e-07 sigma  3921350x better
      msub=10  nfin=12  ntail=16  n=670     4.546e-09 sigma  560489077x better
  Ntot=1e+08  BASELINE old global map, 800 nodes:     8.0573 sigma
      msub=6   nfin=8   ntail=12  n=330     7.590e-03 sigma   1062x better
      msub=6   nfin=12  ntail=16  n=402     2.771e-04 sigma  29080x better
      msub=8   nfin=8   ntail=12  n=440     1.614e-04 sigma  49931x better
      msub=8   nfin=8   ntail=16  n=472     2.055e-06 sigma  3921350x better
      msub=8   nfin=12  ntail=16  n=536     2.055e-06 sigma  3921350x better
      msub=8   nfin=16  ntail=16  n=600     2.055e-06 sigma  3921350x better
      msub=10  nfin=12  ntail=16  n=670     1.438e-08 sigma  560490096x better

== TNBOUND  alpha=0.667  th_discr=1600  (reference: 1284 nodes, same th)
  Ntot=1e+05  BASELINE old global map, 800 nodes:     0.2548 sigma
      msub=6   nfin=8   ntail=12  n=330     2.403e-04 sigma   1060x better
      msub=6   nfin=12  ntail=16  n=402     8.772e-06 sigma  29052x better
      msub=8   nfin=8   ntail=12  n=440     5.110e-06 sigma  49867x better
      msub=8   nfin=8   ntail=16  n=472     6.507e-08 sigma  3916226x better
      msub=8   nfin=12  ntail=16  n=536     6.507e-08 sigma  3916226x better
      msub=8   nfin=16  ntail=16  n=600     6.507e-08 sigma  3916226x better
      msub=10  nfin=12  ntail=16  n=670     4.559e-10 sigma  558917965x better
  Ntot=1e+06  BASELINE old global map, 800 nodes:     0.8059 sigma
      msub=6   nfin=8   ntail=12  n=330     7.600e-04 sigma   1060x better
      msub=6   nfin=12  ntail=16  n=402     2.774e-05 sigma  29052x better
      msub=8   nfin=8   ntail=12  n=440     1.616e-05 sigma  49867x better
      msub=8   nfin=8   ntail=16  n=472     2.058e-07 sigma  3916226x better
      msub=8   nfin=12  ntail=16  n=536     2.058e-07 sigma  3916226x better
      msub=8   nfin=16  ntail=16  n=600     2.058e-07 sigma  3916226x better
      msub=10  nfin=12  ntail=16  n=670     1.442e-09 sigma  558917173x better
  Ntot=1e+07  BASELINE old global map, 800 nodes:     2.5484 sigma
      msub=6   nfin=8   ntail=12  n=330     2.403e-03 sigma   1060x better
      msub=6   nfin=12  ntail=16  n=402     8.772e-05 sigma  29052x better
      msub=8   nfin=8   ntail=12  n=440     5.110e-05 sigma  49867x better
      msub=8   nfin=8   ntail=16  n=472     6.507e-07 sigma  3916226x better
      msub=8   nfin=12  ntail=16  n=536     6.507e-07 sigma  3916226x better
      msub=8   nfin=16  ntail=16  n=600     6.507e-07 sigma  3916226x better
      msub=10  nfin=12  ntail=16  n=670     4.559e-09 sigma  558915906x better
  Ntot=1e+08  BASELINE old global map, 800 nodes:     8.0586 sigma
      msub=6   nfin=8   ntail=12  n=330     7.600e-03 sigma   1060x better
      msub=6   nfin=12  ntail=16  n=402     2.774e-04 sigma  29052x better
      msub=8   nfin=8   ntail=12  n=440     1.616e-04 sigma  49867x better
      msub=8   nfin=8   ntail=16  n=472     2.058e-06 sigma  3916226x better
      msub=8   nfin=12  ntail=16  n=536     2.058e-06 sigma  3916226x better
      msub=8   nfin=16  ntail=16  n=600     2.058e-06 sigma  3916226x better
      msub=10  nfin=12  ntail=16  n=670     1.442e-08 sigma  558916582x better

== TNEMPTY  alpha=0.667  th_discr=400  (reference: 1284 nodes, same th)
  Ntot=1e+05  BASELINE old global map, 800 nodes:     0.2850 sigma
      msub=6   nfin=8   ntail=12  n=330     2.697e-04 sigma   1057x better
      msub=6   nfin=12  ntail=16  n=402     3.208e-06 sigma  88841x better
      msub=8   nfin=8   ntail=12  n=440     8.436e-06 sigma  33782x better
      msub=8   nfin=8   ntail=16  n=472     8.436e-06 sigma  33782x better
      msub=8   nfin=12  ntail=16  n=536     2.279e-08 sigma  12504201x better
      msub=8   nfin=16  ntail=16  n=600     2.468e-10 sigma  1154597391x better
      msub=10  nfin=12  ntail=16  n=670     1.600e-10 sigma  1780651505x better
  Ntot=1e+06  BASELINE old global map, 800 nodes:     0.9012 sigma
      msub=6   nfin=8   ntail=12  n=330     8.530e-04 sigma   1057x better
      msub=6   nfin=12  ntail=16  n=402     1.014e-05 sigma  88841x better
      msub=8   nfin=8   ntail=12  n=440     2.668e-05 sigma  33782x better
      msub=8   nfin=8   ntail=16  n=472     2.668e-05 sigma  33782x better
      msub=8   nfin=12  ntail=16  n=536     7.207e-08 sigma  12504201x better
      msub=8   nfin=16  ntail=16  n=600     7.805e-10 sigma  1154597913x better
      msub=10  nfin=12  ntail=16  n=670     5.061e-10 sigma  1780649788x better
  Ntot=1e+07  BASELINE old global map, 800 nodes:     2.8499 sigma
      msub=6   nfin=8   ntail=12  n=330     2.697e-03 sigma   1057x better
      msub=6   nfin=12  ntail=16  n=402     3.208e-05 sigma  88841x better
      msub=8   nfin=8   ntail=12  n=440     8.436e-05 sigma  33782x better
      msub=8   nfin=8   ntail=16  n=472     8.436e-05 sigma  33782x better
      msub=8   nfin=12  ntail=16  n=536     2.279e-07 sigma  12504201x better
      msub=8   nfin=16  ntail=16  n=600     2.468e-09 sigma  1154596659x better
      msub=10  nfin=12  ntail=16  n=670     1.600e-09 sigma  1780651505x better
  Ntot=1e+08  BASELINE old global map, 800 nodes:     9.0122 sigma
      msub=6   nfin=8   ntail=12  n=330     8.530e-03 sigma   1057x better
      msub=6   nfin=12  ntail=16  n=402     1.014e-04 sigma  88841x better
      msub=8   nfin=8   ntail=12  n=440     2.668e-04 sigma  33782x better
      msub=8   nfin=8   ntail=16  n=472     2.668e-04 sigma  33782x better
      msub=8   nfin=12  ntail=16  n=536     7.207e-07 sigma  12504201x better
      msub=8   nfin=16  ntail=16  n=600     7.805e-09 sigma  1154597161x better
      msub=10  nfin=12  ntail=16  n=670     5.061e-09 sigma  1780651505x better

== TNEMPTY  alpha=0.667  th_discr=800  (reference: 1284 nodes, same th)
  Ntot=1e+05  BASELINE old global map, 800 nodes:     0.2854 sigma
      msub=6   nfin=8   ntail=12  n=330     2.702e-04 sigma   1056x better
      msub=6   nfin=12  ntail=16  n=402     3.214e-06 sigma  88818x better
      msub=8   nfin=8   ntail=12  n=440     8.435e-06 sigma  33838x better
      msub=8   nfin=8   ntail=16  n=472     8.435e-06 sigma  33838x better
      msub=8   nfin=12  ntail=16  n=536     2.299e-08 sigma  12413861x better
      msub=8   nfin=16  ntail=16  n=600     2.473e-10 sigma  1154370553x better
      msub=10  nfin=12  ntail=16  n=670     1.616e-10 sigma  1766199640x better
  Ntot=1e+06  BASELINE old global map, 800 nodes:     0.9026 sigma
      msub=6   nfin=8   ntail=12  n=330     8.545e-04 sigma   1056x better
      msub=6   nfin=12  ntail=16  n=402     1.016e-05 sigma  88818x better
      msub=8   nfin=8   ntail=12  n=440     2.667e-05 sigma  33838x better
      msub=8   nfin=8   ntail=16  n=472     2.667e-05 sigma  33838x better
      msub=8   nfin=12  ntail=16  n=536     7.271e-08 sigma  12413861x better
      msub=8   nfin=16  ntail=16  n=600     7.819e-10 sigma  1154370028x better
      msub=10  nfin=12  ntail=16  n=670     5.110e-10 sigma  1766198366x better
  Ntot=1e+07  BASELINE old global map, 800 nodes:     2.8542 sigma
      msub=6   nfin=8   ntail=12  n=330     2.702e-03 sigma   1056x better
      msub=6   nfin=12  ntail=16  n=402     3.214e-05 sigma  88818x better
      msub=8   nfin=8   ntail=12  n=440     8.435e-05 sigma  33838x better
      msub=8   nfin=8   ntail=16  n=472     8.435e-05 sigma  33838x better
      msub=8   nfin=12  ntail=16  n=536     2.299e-07 sigma  12413861x better
      msub=8   nfin=16  ntail=16  n=600     2.473e-09 sigma  1154370238x better
      msub=10  nfin=12  ntail=16  n=670     1.616e-09 sigma  1766199045x better
  Ntot=1e+08  BASELINE old global map, 800 nodes:     9.0258 sigma
      msub=6   nfin=8   ntail=12  n=330     8.545e-03 sigma   1056x better
      msub=6   nfin=12  ntail=16  n=402     1.016e-04 sigma  88818x better
      msub=8   nfin=8   ntail=12  n=440     2.667e-04 sigma  33838x better
      msub=8   nfin=8   ntail=16  n=472     2.667e-04 sigma  33838x better
      msub=8   nfin=12  ntail=16  n=536     7.271e-07 sigma  12413861x better
      msub=8   nfin=16  ntail=16  n=600     7.819e-09 sigma  1154370406x better
      msub=10  nfin=12  ntail=16  n=670     5.110e-09 sigma  1766199589x better

== TNEMPTY  alpha=0.667  th_discr=1600  (reference: 1284 nodes, same th)
  Ntot=1e+05  BASELINE old global map, 800 nodes:     0.2854 sigma
      msub=6   nfin=8   ntail=12  n=330     2.703e-04 sigma   1056x better
      msub=6   nfin=12  ntail=16  n=402     3.216e-06 sigma  88756x better
      msub=8   nfin=8   ntail=12  n=440     8.428e-06 sigma  33867x better
      msub=8   nfin=8   ntail=16  n=472     8.428e-06 sigma  33867x better
      msub=8   nfin=12  ntail=16  n=536     2.304e-08 sigma  12389136x better
      msub=8   nfin=16  ntail=16  n=600     2.474e-10 sigma  1153771176x better
      msub=10  nfin=12  ntail=16  n=670     1.619e-10 sigma  1762575122x better
  Ntot=1e+06  BASELINE old global map, 800 nodes:     0.9026 sigma
      msub=6   nfin=8   ntail=12  n=330     8.547e-04 sigma   1056x better
      msub=6   nfin=12  ntail=16  n=402     1.017e-05 sigma  88756x better
      msub=8   nfin=8   ntail=12  n=440     2.665e-05 sigma  33867x better
      msub=8   nfin=8   ntail=16  n=472     2.665e-05 sigma  33867x better
      msub=8   nfin=12  ntail=16  n=536     7.286e-08 sigma  12389136x better
      msub=8   nfin=16  ntail=16  n=600     7.823e-10 sigma  1153771701x better
      msub=10  nfin=12  ntail=16  n=670     5.121e-10 sigma  1762573427x better
  Ntot=1e+07  BASELINE old global map, 800 nodes:     2.8543 sigma
      msub=6   nfin=8   ntail=12  n=330     2.703e-03 sigma   1056x better
      msub=6   nfin=12  ntail=16  n=402     3.216e-05 sigma  88756x better
      msub=8   nfin=8   ntail=12  n=440     8.428e-05 sigma  33867x better
      msub=8   nfin=8   ntail=16  n=472     8.428e-05 sigma  33867x better
      msub=8   nfin=12  ntail=16  n=536     2.304e-07 sigma  12389136x better
      msub=8   nfin=16  ntail=16  n=600     2.474e-09 sigma  1153771910x better
      msub=10  nfin=12  ntail=16  n=670     1.619e-09 sigma  1762574783x better
  Ntot=1e+08  BASELINE old global map, 800 nodes:     9.0262 sigma
      msub=6   nfin=8   ntail=12  n=330     8.547e-03 sigma   1056x better
      msub=6   nfin=12  ntail=16  n=402     1.017e-04 sigma  88756x better
      msub=8   nfin=8   ntail=12  n=440     2.665e-04 sigma  33867x better
      msub=8   nfin=8   ntail=16  n=472     2.665e-04 sigma  33867x better
      msub=8   nfin=12  ntail=16  n=536     7.286e-07 sigma  12389136x better
      msub=8   nfin=16  ntail=16  n=600     7.823e-09 sigma  1153771910x better
      msub=10  nfin=12  ntail=16  n=670     5.121e-09 sigma  1762574240x better

== TNFIT  alpha=0.800  th_discr=400  (reference: 1884 nodes, same th)
  Ntot=1e+05  BASELINE old global map, 800 nodes:     0.5094 sigma
      msub=6   nfin=8   ntail=12  n=438     9.318e-05 sigma   5467x better
      msub=6   nfin=12  ntail=16  n=558     1.337e-06 sigma  380871x better
      msub=8   nfin=8   ntail=12  n=584     1.758e-06 sigma  289746x better
      msub=8   nfin=8   ntail=16  n=616     1.758e-06 sigma  289746x better
      msub=8   nfin=12  ntail=16  n=744     6.574e-09 sigma  77486928x better
      msub=8   nfin=16  ntail=16  n=872     7.915e-11 sigma  6435517204x better
      msub=10  nfin=12  ntail=16  n=930     2.997e-11 sigma  16998164118x better
  Ntot=1e+06  BASELINE old global map, 800 nodes:     1.6108 sigma
      msub=6   nfin=8   ntail=12  n=438     2.946e-04 sigma   5467x better
      msub=6   nfin=12  ntail=16  n=558     4.229e-06 sigma  380871x better
      msub=8   nfin=8   ntail=12  n=584     5.559e-06 sigma  289746x better
      msub=8   nfin=8   ntail=16  n=616     5.559e-06 sigma  289746x better
      msub=8   nfin=12  ntail=16  n=744     2.079e-08 sigma  77486926x better
      msub=8   nfin=16  ntail=16  n=872     2.503e-10 sigma  6435463884x better
      msub=10  nfin=12  ntail=16  n=930     9.477e-11 sigma  16998055036x better
  Ntot=1e+07  BASELINE old global map, 800 nodes:     5.0939 sigma
      msub=6   nfin=8   ntail=12  n=438     9.318e-04 sigma   5467x better
      msub=6   nfin=12  ntail=16  n=558     1.337e-05 sigma  380871x better
      msub=8   nfin=8   ntail=12  n=584     1.758e-05 sigma  289746x better
      msub=8   nfin=8   ntail=16  n=616     1.758e-05 sigma  289746x better
      msub=8   nfin=12  ntail=16  n=744     6.574e-08 sigma  77486927x better
      msub=8   nfin=16  ntail=16  n=872     7.915e-10 sigma  6435506540x better
      msub=10  nfin=12  ntail=16  n=930     2.997e-10 sigma  16998287746x better
  Ntot=1e+08  BASELINE old global map, 800 nodes:    16.1084 sigma
      msub=6   nfin=8   ntail=12  n=438     2.946e-03 sigma   5467x better
      msub=6   nfin=12  ntail=16  n=558     4.229e-05 sigma  380871x better
      msub=8   nfin=8   ntail=12  n=584     5.559e-05 sigma  289746x better
      msub=8   nfin=8   ntail=16  n=616     5.559e-05 sigma  289746x better
      msub=8   nfin=12  ntail=16  n=744     2.079e-07 sigma  77486927x better
      msub=8   nfin=16  ntail=16  n=872     2.503e-09 sigma  6435515071x better
      msub=10  nfin=12  ntail=16  n=930     9.476e-10 sigma  16998287746x better

== TNFIT  alpha=0.800  th_discr=800  (reference: 1884 nodes, same th)
  Ntot=1e+05  BASELINE old global map, 800 nodes:     0.5117 sigma
      msub=6   nfin=8   ntail=12  n=438     9.400e-05 sigma   5443x better
      msub=6   nfin=12  ntail=16  n=558     1.345e-06 sigma  380381x better
      msub=8   nfin=8   ntail=12  n=584     1.790e-06 sigma  285840x better
      msub=8   nfin=8   ntail=16  n=616     1.790e-06 sigma  285840x better
      msub=8   nfin=12  ntail=16  n=744     6.650e-09 sigma  76943848x better
      msub=8   nfin=16  ntail=16  n=872     8.011e-11 sigma  6386772679x better
      msub=10  nfin=12  ntail=16  n=930     3.024e-11 sigma  16920976383x better
  Ntot=1e+06  BASELINE old global map, 800 nodes:     1.6180 sigma
      msub=6   nfin=8   ntail=12  n=438     2.973e-04 sigma   5443x better
      msub=6   nfin=12  ntail=16  n=558     4.254e-06 sigma  380381x better
      msub=8   nfin=8   ntail=12  n=584     5.661e-06 sigma  285840x better
      msub=8   nfin=8   ntail=16  n=616     5.661e-06 sigma  285840x better
      msub=8   nfin=12  ntail=16  n=744     2.103e-08 sigma  76943850x better
      msub=8   nfin=16  ntail=16  n=872     2.533e-10 sigma  6386748858x better
      msub=10  nfin=12  ntail=16  n=930     9.562e-11 sigma  16921049324x better
  Ntot=1e+07  BASELINE old global map, 800 nodes:     5.1167 sigma
      msub=6   nfin=8   ntail=12  n=438     9.400e-04 sigma   5443x better
      msub=6   nfin=12  ntail=16  n=558     1.345e-05 sigma  380381x better
      msub=8   nfin=8   ntail=12  n=584     1.790e-05 sigma  285840x better
      msub=8   nfin=8   ntail=16  n=616     1.790e-05 sigma  285840x better
      msub=8   nfin=12  ntail=16  n=744     6.650e-08 sigma  76943849x better
      msub=8   nfin=16  ntail=16  n=872     8.011e-10 sigma  6386767915x better
      msub=10  nfin=12  ntail=16  n=930     3.024e-10 sigma  16921049324x better
  Ntot=1e+08  BASELINE old global map, 800 nodes:    16.1804 sigma
      msub=6   nfin=8   ntail=12  n=438     2.973e-03 sigma   5443x better
      msub=6   nfin=12  ntail=16  n=558     4.254e-05 sigma  380381x better
      msub=8   nfin=8   ntail=12  n=584     5.661e-05 sigma  285840x better
      msub=8   nfin=8   ntail=16  n=616     5.661e-05 sigma  285840x better
      msub=8   nfin=12  ntail=16  n=744     2.103e-07 sigma  76943853x better
      msub=8   nfin=16  ntail=16  n=872     2.533e-09 sigma  6386737424x better
      msub=10  nfin=12  ntail=16  n=930     9.562e-10 sigma  16921002642x better

== TNFIT  alpha=0.800  th_discr=1600  (reference: 1884 nodes, same th)
  Ntot=1e+05  BASELINE old global map, 800 nodes:     0.5123 sigma
      msub=6   nfin=8   ntail=12  n=438     9.416e-05 sigma   5441x better
      msub=6   nfin=12  ntail=16  n=558     1.348e-06 sigma  380161x better
      msub=8   nfin=8   ntail=12  n=584     1.796e-06 sigma  285292x better
      msub=8   nfin=8   ntail=16  n=616     1.796e-06 sigma  285292x better
      msub=8   nfin=12  ntail=16  n=744     6.665e-09 sigma  76863243x better
      msub=8   nfin=16  ntail=16  n=872     8.032e-11 sigma  6378782329x better
      msub=10  nfin=12  ntail=16  n=930     3.037e-11 sigma  16867256204x better
  Ntot=1e+06  BASELINE old global map, 800 nodes:     1.6201 sigma
      msub=6   nfin=8   ntail=12  n=438     2.977e-04 sigma   5441x better
      msub=6   nfin=12  ntail=16  n=558     4.262e-06 sigma  380161x better
      msub=8   nfin=8   ntail=12  n=584     5.679e-06 sigma  285292x better
      msub=8   nfin=8   ntail=16  n=616     5.679e-06 sigma  285292x better
      msub=8   nfin=12  ntail=16  n=744     2.108e-08 sigma  76863238x better
      msub=8   nfin=16  ntail=16  n=872     2.540e-10 sigma  6378806085x better
      msub=10  nfin=12  ntail=16  n=930     9.605e-11 sigma  16867385135x better
  Ntot=1e+07  BASELINE old global map, 800 nodes:     5.1231 sigma
      msub=6   nfin=8   ntail=12  n=438     9.416e-04 sigma   5441x better
      msub=6   nfin=12  ntail=16  n=558     1.348e-05 sigma  380161x better
      msub=8   nfin=8   ntail=12  n=584     1.796e-05 sigma  285292x better
      msub=8   nfin=8   ntail=16  n=616     1.796e-05 sigma  285292x better
      msub=8   nfin=12  ntail=16  n=744     6.665e-08 sigma  76863240x better
      msub=8   nfin=16  ntail=16  n=872     8.031e-10 sigma  6378844097x better
      msub=10  nfin=12  ntail=16  n=930     3.037e-10 sigma  16867385135x better
  Ntot=1e+08  BASELINE old global map, 800 nodes:    16.2008 sigma
      msub=6   nfin=8   ntail=12  n=438     2.977e-03 sigma   5441x better
      msub=6   nfin=12  ntail=16  n=558     4.262e-05 sigma  380161x better
      msub=8   nfin=8   ntail=12  n=584     5.679e-05 sigma  285292x better
      msub=8   nfin=8   ntail=16  n=616     5.679e-05 sigma  285292x better
      msub=8   nfin=12  ntail=16  n=744     2.108e-07 sigma  76863243x better
      msub=8   nfin=16  ntail=16  n=872     2.540e-09 sigma  6378828892x better
      msub=10  nfin=12  ntail=16  n=930     9.605e-10 sigma  16867426393x better

== TNSTAT  alpha=0.800  th_discr=400  (reference: 684 nodes, same th)
  Ntot=1e+05  BASELINE old global map, 800 nodes:     0.5780 sigma
      msub=6   nfin=8   ntail=12  n=222     2.063e-04 sigma   2802x better
      msub=6   nfin=12  ntail=16  n=246     6.835e-06 sigma  84555x better
      msub=8   nfin=8   ntail=12  n=296     4.645e-06 sigma  124434x better
      msub=8   nfin=8   ntail=16  n=328     5.360e-08 sigma  10782063x better
      msub=8   nfin=12  ntail=16  n=328     5.360e-08 sigma  10782063x better
      msub=8   nfin=16  ntail=16  n=328     5.360e-08 sigma  10782063x better
      msub=10  nfin=12  ntail=16  n=410     4.020e-10 sigma  1437799228x better
  Ntot=1e+06  BASELINE old global map, 800 nodes:     1.8277 sigma
      msub=6   nfin=8   ntail=12  n=222     6.524e-04 sigma   2802x better
      msub=6   nfin=12  ntail=16  n=246     2.162e-05 sigma  84555x better
      msub=8   nfin=8   ntail=12  n=296     1.469e-05 sigma  124434x better
      msub=8   nfin=8   ntail=16  n=328     1.695e-07 sigma  10782063x better
      msub=8   nfin=12  ntail=16  n=328     1.695e-07 sigma  10782063x better
      msub=8   nfin=16  ntail=16  n=328     1.695e-07 sigma  10782063x better
      msub=10  nfin=12  ntail=16  n=410     1.271e-09 sigma  1437796358x better
  Ntot=1e+07  BASELINE old global map, 800 nodes:     5.7797 sigma
      msub=6   nfin=8   ntail=12  n=222     2.063e-03 sigma   2802x better
      msub=6   nfin=12  ntail=16  n=246     6.835e-05 sigma  84555x better
      msub=8   nfin=8   ntail=12  n=296     4.645e-05 sigma  124434x better
      msub=8   nfin=8   ntail=16  n=328     5.360e-07 sigma  10782063x better
      msub=8   nfin=12  ntail=16  n=328     5.360e-07 sigma  10782063x better
      msub=8   nfin=16  ntail=16  n=328     5.360e-07 sigma  10782063x better
      msub=10  nfin=12  ntail=16  n=410     4.020e-09 sigma  1437794828x better
  Ntot=1e+08  BASELINE old global map, 800 nodes:    18.2770 sigma
      msub=6   nfin=8   ntail=12  n=222     6.524e-03 sigma   2802x better
      msub=6   nfin=12  ntail=16  n=246     2.162e-04 sigma  84555x better
      msub=8   nfin=8   ntail=12  n=296     1.469e-04 sigma  124434x better
      msub=8   nfin=8   ntail=16  n=328     1.695e-06 sigma  10782063x better
      msub=8   nfin=12  ntail=16  n=328     1.695e-06 sigma  10782063x better
      msub=8   nfin=16  ntail=16  n=328     1.695e-06 sigma  10782063x better
      msub=10  nfin=12  ntail=16  n=410     1.271e-08 sigma  1437793603x better

== TNSTAT  alpha=0.800  th_discr=800  (reference: 684 nodes, same th)
  Ntot=1e+05  BASELINE old global map, 800 nodes:     0.5804 sigma
      msub=6   nfin=8   ntail=12  n=222     2.064e-04 sigma   2811x better
      msub=6   nfin=12  ntail=16  n=246     6.837e-06 sigma  84896x better
      msub=8   nfin=8   ntail=12  n=296     4.663e-06 sigma  124467x better
      msub=8   nfin=8   ntail=16  n=328     5.374e-08 sigma  10800742x better
      msub=8   nfin=12  ntail=16  n=328     5.374e-08 sigma  10800742x better
      msub=8   nfin=16  ntail=16  n=328     5.374e-08 sigma  10800742x better
      msub=10  nfin=12  ntail=16  n=410     4.031e-10 sigma  1439868055x better
  Ntot=1e+06  BASELINE old global map, 800 nodes:     1.8354 sigma
      msub=6   nfin=8   ntail=12  n=222     6.528e-04 sigma   2811x better
      msub=6   nfin=12  ntail=16  n=246     2.162e-05 sigma  84896x better
      msub=8   nfin=8   ntail=12  n=296     1.475e-05 sigma  124467x better
      msub=8   nfin=8   ntail=16  n=328     1.699e-07 sigma  10800742x better
      msub=8   nfin=12  ntail=16  n=328     1.699e-07 sigma  10800742x better
      msub=8   nfin=16  ntail=16  n=328     1.699e-07 sigma  10800742x better
      msub=10  nfin=12  ntail=16  n=410     1.275e-09 sigma  1439868055x better
  Ntot=1e+07  BASELINE old global map, 800 nodes:     5.8039 sigma
      msub=6   nfin=8   ntail=12  n=222     2.064e-03 sigma   2811x better
      msub=6   nfin=12  ntail=16  n=246     6.837e-05 sigma  84896x better
      msub=8   nfin=8   ntail=12  n=296     4.663e-05 sigma  124467x better
      msub=8   nfin=8   ntail=16  n=328     5.374e-07 sigma  10800742x better
      msub=8   nfin=12  ntail=16  n=328     5.374e-07 sigma  10800742x better
      msub=8   nfin=16  ntail=16  n=328     5.374e-07 sigma  10800742x better
      msub=10  nfin=12  ntail=16  n=410     4.031e-09 sigma  1439869579x better
  Ntot=1e+08  BASELINE old global map, 800 nodes:    18.3535 sigma
      msub=6   nfin=8   ntail=12  n=222     6.528e-03 sigma   2811x better
      msub=6   nfin=12  ntail=16  n=246     2.162e-04 sigma  84896x better
      msub=8   nfin=8   ntail=12  n=296     1.475e-04 sigma  124467x better
      msub=8   nfin=8   ntail=16  n=328     1.699e-06 sigma  10800742x better
      msub=8   nfin=12  ntail=16  n=328     1.699e-06 sigma  10800742x better
      msub=8   nfin=16  ntail=16  n=328     1.699e-06 sigma  10800742x better
      msub=10  nfin=12  ntail=16  n=410     1.275e-08 sigma  1439867141x better

== TNSTAT  alpha=0.800  th_discr=1600  (reference: 684 nodes, same th)
  Ntot=1e+05  BASELINE old global map, 800 nodes:     0.5812 sigma
      msub=6   nfin=8   ntail=12  n=222     2.060e-04 sigma   2821x better
      msub=6   nfin=12  ntail=16  n=246     6.824e-06 sigma  85161x better
      msub=8   nfin=8   ntail=12  n=296     4.650e-06 sigma  124988x better
      msub=8   nfin=8   ntail=16  n=328     5.362e-08 sigma  10837778x better
      msub=8   nfin=12  ntail=16  n=328     5.362e-08 sigma  10837778x better
      msub=8   nfin=16  ntail=16  n=328     5.362e-08 sigma  10837778x better
      msub=10  nfin=12  ntail=16  n=410     4.013e-10 sigma  1448097678x better
  Ntot=1e+06  BASELINE old global map, 800 nodes:     1.8378 sigma
      msub=6   nfin=8   ntail=12  n=222     6.515e-04 sigma   2821x better
      msub=6   nfin=12  ntail=16  n=246     2.158e-05 sigma  85161x better
      msub=8   nfin=8   ntail=12  n=296     1.470e-05 sigma  124988x better
      msub=8   nfin=8   ntail=16  n=328     1.696e-07 sigma  10837778x better
      msub=8   nfin=12  ntail=16  n=328     1.696e-07 sigma  10837778x better
      msub=8   nfin=16  ntail=16  n=328     1.696e-07 sigma  10837778x better
      msub=10  nfin=12  ntail=16  n=410     1.269e-09 sigma  1448095758x better
  Ntot=1e+07  BASELINE old global map, 800 nodes:     5.8116 sigma
      msub=6   nfin=8   ntail=12  n=222     2.060e-03 sigma   2821x better
      msub=6   nfin=12  ntail=16  n=246     6.824e-05 sigma  85161x better
      msub=8   nfin=8   ntail=12  n=296     4.650e-05 sigma  124988x better
      msub=8   nfin=8   ntail=16  n=328     5.362e-07 sigma  10837778x better
      msub=8   nfin=12  ntail=16  n=328     5.362e-07 sigma  10837778x better
      msub=8   nfin=16  ntail=16  n=328     5.362e-07 sigma  10837778x better
      msub=10  nfin=12  ntail=16  n=410     4.013e-09 sigma  1448098830x better
  Ntot=1e+08  BASELINE old global map, 800 nodes:    18.3779 sigma
      msub=6   nfin=8   ntail=12  n=222     6.515e-03 sigma   2821x better
      msub=6   nfin=12  ntail=16  n=246     2.158e-04 sigma  85161x better
      msub=8   nfin=8   ntail=12  n=296     1.470e-04 sigma  124988x better
      msub=8   nfin=8   ntail=16  n=328     1.696e-06 sigma  10837778x better
      msub=8   nfin=12  ntail=16  n=328     1.696e-06 sigma  10837778x better
      msub=8   nfin=16  ntail=16  n=328     1.696e-06 sigma  10837778x better
      msub=10  nfin=12  ntail=16  n=410     1.269e-08 sigma  1448096373x better

== TNSTALL  alpha=0.800  th_discr=400  (reference: 1284 nodes, same th)
  Ntot=1e+05  BASELINE old global map, 800 nodes:     0.6861 sigma
      msub=6   nfin=8   ntail=12  n=330     3.228e-04 sigma   2125x better
      msub=6   nfin=12  ntail=16  n=402     3.826e-06 sigma  179323x better
      msub=8   nfin=8   ntail=12  n=440     1.027e-05 sigma  66833x better
      msub=8   nfin=8   ntail=16  n=472     1.027e-05 sigma  66833x better
      msub=8   nfin=12  ntail=16  n=536     2.768e-08 sigma  24790374x better
      msub=8   nfin=16  ntail=16  n=600     2.971e-10 sigma  2309450291x better
      msub=10  nfin=12  ntail=16  n=670     1.888e-10 sigma  3634801381x better
  Ntot=1e+06  BASELINE old global map, 800 nodes:     2.1697 sigma
      msub=6   nfin=8   ntail=12  n=330     1.021e-03 sigma   2125x better
      msub=6   nfin=12  ntail=16  n=402     1.210e-05 sigma  179323x better
      msub=8   nfin=8   ntail=12  n=440     3.247e-05 sigma  66833x better
      msub=8   nfin=8   ntail=16  n=472     3.247e-05 sigma  66833x better
      msub=8   nfin=12  ntail=16  n=536     8.752e-08 sigma  24790374x better
      msub=8   nfin=16  ntail=16  n=600     9.395e-10 sigma  2309450291x better
      msub=10  nfin=12  ntail=16  n=670     5.969e-10 sigma  3634802736x better
  Ntot=1e+07  BASELINE old global map, 800 nodes:     6.8613 sigma
      msub=6   nfin=8   ntail=12  n=330     3.228e-03 sigma   2125x better
      msub=6   nfin=12  ntail=16  n=402     3.826e-05 sigma  179323x better
      msub=8   nfin=8   ntail=12  n=440     1.027e-04 sigma  66833x better
      msub=8   nfin=8   ntail=16  n=472     1.027e-04 sigma  66833x better
      msub=8   nfin=12  ntail=16  n=536     2.768e-07 sigma  24790374x better
      msub=8   nfin=16  ntail=16  n=600     2.971e-09 sigma  2309452026x better
      msub=10  nfin=12  ntail=16  n=670     1.888e-09 sigma  3634803278x better
  Ntot=1e+08  BASELINE old global map, 800 nodes:    21.6974 sigma
      msub=6   nfin=8   ntail=12  n=330     1.021e-02 sigma   2125x better
      msub=6   nfin=12  ntail=16  n=402     1.210e-04 sigma  179323x better
      msub=8   nfin=8   ntail=12  n=440     3.247e-04 sigma  66833x better
      msub=8   nfin=8   ntail=16  n=472     3.247e-04 sigma  66833x better
      msub=8   nfin=12  ntail=16  n=536     8.752e-07 sigma  24790374x better
      msub=8   nfin=16  ntail=16  n=600     9.395e-09 sigma  2309451563x better
      msub=10  nfin=12  ntail=16  n=670     5.969e-09 sigma  3634805878x better

== TNSTALL  alpha=0.800  th_discr=800  (reference: 1284 nodes, same th)
  Ntot=1e+05  BASELINE old global map, 800 nodes:     0.6889 sigma
      msub=6   nfin=8   ntail=12  n=330     3.271e-04 sigma   2106x better
      msub=6   nfin=12  ntail=16  n=402     3.877e-06 sigma  177677x better
      msub=8   nfin=8   ntail=12  n=440     1.039e-05 sigma  66276x better
      msub=8   nfin=8   ntail=16  n=472     1.039e-05 sigma  66276x better
      msub=8   nfin=12  ntail=16  n=536     2.793e-08 sigma  24661590x better
      msub=8   nfin=16  ntail=16  n=600     3.020e-10 sigma  2280872315x better
      msub=10  nfin=12  ntail=16  n=670     1.911e-10 sigma  3604522925x better
  Ntot=1e+06  BASELINE old global map, 800 nodes:     2.1785 sigma
      msub=6   nfin=8   ntail=12  n=330     1.034e-03 sigma   2106x better
      msub=6   nfin=12  ntail=16  n=402     1.226e-05 sigma  177677x better
      msub=8   nfin=8   ntail=12  n=440     3.287e-05 sigma  66276x better
      msub=8   nfin=8   ntail=16  n=472     3.287e-05 sigma  66276x better
      msub=8   nfin=12  ntail=16  n=536     8.834e-08 sigma  24661589x better
      msub=8   nfin=16  ntail=16  n=600     9.551e-10 sigma  2280869823x better
      msub=10  nfin=12  ntail=16  n=670     6.044e-10 sigma  3604522304x better
  Ntot=1e+07  BASELINE old global map, 800 nodes:     6.8891 sigma
      msub=6   nfin=8   ntail=12  n=330     3.271e-03 sigma   2106x better
      msub=6   nfin=12  ntail=16  n=402     3.877e-05 sigma  177677x better
      msub=8   nfin=8   ntail=12  n=440     1.039e-04 sigma  66276x better
      msub=8   nfin=8   ntail=16  n=472     1.039e-04 sigma  66276x better
      msub=8   nfin=12  ntail=16  n=536     2.793e-07 sigma  24661590x better
      msub=8   nfin=16  ntail=16  n=600     3.020e-09 sigma  2280871532x better
      msub=10  nfin=12  ntail=16  n=670     1.911e-09 sigma  3604523297x better
  Ntot=1e+08  BASELINE old global map, 800 nodes:    21.7853 sigma
      msub=6   nfin=8   ntail=12  n=330     1.034e-02 sigma   2106x better
      msub=6   nfin=12  ntail=16  n=402     1.226e-04 sigma  177677x better
      msub=8   nfin=8   ntail=12  n=440     3.287e-04 sigma  66276x better
      msub=8   nfin=8   ntail=16  n=472     3.287e-04 sigma  66276x better
      msub=8   nfin=12  ntail=16  n=536     8.834e-07 sigma  24661590x better
      msub=8   nfin=16  ntail=16  n=600     9.551e-09 sigma  2280871076x better
      msub=10  nfin=12  ntail=16  n=670     6.044e-09 sigma  3604523297x better

== TNSTALL  alpha=0.800  th_discr=1600  (reference: 1284 nodes, same th)
  Ntot=1e+05  BASELINE old global map, 800 nodes:     0.6898 sigma
      msub=6   nfin=8   ntail=12  n=330     3.279e-04 sigma   2104x better
      msub=6   nfin=12  ntail=16  n=402     3.888e-06 sigma  177404x better
      msub=8   nfin=8   ntail=12  n=440     1.041e-05 sigma  66263x better
      msub=8   nfin=8   ntail=16  n=472     1.041e-05 sigma  66263x better
      msub=8   nfin=12  ntail=16  n=536     2.796e-08 sigma  24666639x better
      msub=8   nfin=16  ntail=16  n=600     3.031e-10 sigma  2275871757x better
      msub=10  nfin=12  ntail=16  n=670     1.926e-10 sigma  3580421350x better
  Ntot=1e+06  BASELINE old global map, 800 nodes:     2.1812 sigma
      msub=6   nfin=8   ntail=12  n=330     1.037e-03 sigma   2104x better
      msub=6   nfin=12  ntail=16  n=402     1.230e-05 sigma  177404x better
      msub=8   nfin=8   ntail=12  n=440     3.292e-05 sigma  66263x better
      msub=8   nfin=8   ntail=16  n=472     3.292e-05 sigma  66263x better
      msub=8   nfin=12  ntail=16  n=536     8.843e-08 sigma  24666639x better
      msub=8   nfin=16  ntail=16  n=600     9.584e-10 sigma  2275871757x better
      msub=10  nfin=12  ntail=16  n=670     6.092e-10 sigma  3580424424x better
  Ntot=1e+07  BASELINE old global map, 800 nodes:     6.8976 sigma
      msub=6   nfin=8   ntail=12  n=330     3.279e-03 sigma   2104x better
      msub=6   nfin=12  ntail=16  n=402     3.888e-05 sigma  177404x better
      msub=8   nfin=8   ntail=12  n=440     1.041e-04 sigma  66263x better
      msub=8   nfin=8   ntail=16  n=472     1.041e-04 sigma  66263x better
      msub=8   nfin=12  ntail=16  n=536     2.796e-07 sigma  24666639x better
      msub=8   nfin=16  ntail=16  n=600     3.031e-09 sigma  2275872326x better
      msub=10  nfin=12  ntail=16  n=670     1.926e-09 sigma  3580421473x better
  Ntot=1e+08  BASELINE old global map, 800 nodes:    21.8121 sigma
      msub=6   nfin=8   ntail=12  n=330     1.037e-02 sigma   2104x better
      msub=6   nfin=12  ntail=16  n=402     1.230e-04 sigma  177404x better
      msub=8   nfin=8   ntail=12  n=440     3.292e-04 sigma  66263x better
      msub=8   nfin=8   ntail=16  n=472     3.292e-04 sigma  66263x better
      msub=8   nfin=12  ntail=16  n=536     8.843e-07 sigma  24666639x better
      msub=8   nfin=16  ntail=16  n=600     9.584e-09 sigma  2275872326x better
      msub=10  nfin=12  ntail=16  n=670     6.092e-09 sigma  3580422260x better

== TNBOUND  alpha=0.800  th_discr=400  (reference: 1284 nodes, same th)
  Ntot=1e+05  BASELINE old global map, 800 nodes:     0.5799 sigma
      msub=6   nfin=8   ntail=12  n=330     2.012e-04 sigma   2882x better
      msub=6   nfin=12  ntail=16  n=402     6.755e-06 sigma  85846x better
      msub=8   nfin=8   ntail=12  n=440     4.439e-06 sigma  130634x better
      msub=8   nfin=8   ntail=16  n=472     5.206e-08 sigma  11138846x better
      msub=8   nfin=12  ntail=16  n=536     5.206e-08 sigma  11138846x better
      msub=8   nfin=16  ntail=16  n=600     5.206e-08 sigma  11138846x better
      msub=10  nfin=12  ntail=16  n=670     3.914e-10 sigma  1481520779x better
  Ntot=1e+06  BASELINE old global map, 800 nodes:     1.8339 sigma
      msub=6   nfin=8   ntail=12  n=330     6.363e-04 sigma   2882x better
      msub=6   nfin=12  ntail=16  n=402     2.136e-05 sigma  85846x better
      msub=8   nfin=8   ntail=12  n=440     1.404e-05 sigma  130634x better
      msub=8   nfin=8   ntail=16  n=472     1.646e-07 sigma  11138846x better
      msub=8   nfin=12  ntail=16  n=536     1.646e-07 sigma  11138846x better
      msub=8   nfin=16  ntail=16  n=600     1.646e-07 sigma  11138846x better
      msub=10  nfin=12  ntail=16  n=670     1.238e-09 sigma  1481517637x better
  Ntot=1e+07  BASELINE old global map, 800 nodes:     5.7992 sigma
      msub=6   nfin=8   ntail=12  n=330     2.012e-03 sigma   2882x better
      msub=6   nfin=12  ntail=16  n=402     6.755e-05 sigma  85846x better
      msub=8   nfin=8   ntail=12  n=440     4.439e-05 sigma  130634x better
      msub=8   nfin=8   ntail=16  n=472     5.206e-07 sigma  11138846x better
      msub=8   nfin=12  ntail=16  n=536     5.206e-07 sigma  11138846x better
      msub=8   nfin=16  ntail=16  n=600     5.206e-07 sigma  11138846x better
      msub=10  nfin=12  ntail=16  n=670     3.914e-09 sigma  1481520989x better
  Ntot=1e+08  BASELINE old global map, 800 nodes:    18.3387 sigma
      msub=6   nfin=8   ntail=12  n=330     6.363e-03 sigma   2882x better
      msub=6   nfin=12  ntail=16  n=402     2.136e-04 sigma  85846x better
      msub=8   nfin=8   ntail=12  n=440     1.404e-04 sigma  130634x better
      msub=8   nfin=8   ntail=16  n=472     1.646e-06 sigma  11138846x better
      msub=8   nfin=12  ntail=16  n=536     1.646e-06 sigma  11138846x better
      msub=8   nfin=16  ntail=16  n=600     1.646e-06 sigma  11138846x better
      msub=10  nfin=12  ntail=16  n=670     1.238e-08 sigma  1481523670x better

== TNBOUND  alpha=0.800  th_discr=800  (reference: 1284 nodes, same th)
  Ntot=1e+05  BASELINE old global map, 800 nodes:     0.5823 sigma
      msub=6   nfin=8   ntail=12  n=330     2.007e-04 sigma   2901x better
      msub=6   nfin=12  ntail=16  n=402     6.738e-06 sigma  86424x better
      msub=8   nfin=8   ntail=12  n=440     4.433e-06 sigma  131347x better
      msub=8   nfin=8   ntail=16  n=472     5.194e-08 sigma  11210925x better
      msub=8   nfin=12  ntail=16  n=536     5.194e-08 sigma  11210925x better
      msub=8   nfin=16  ntail=16  n=600     5.194e-08 sigma  11210925x better
      msub=10  nfin=12  ntail=16  n=670     3.928e-10 sigma  1482505972x better
  Ntot=1e+06  BASELINE old global map, 800 nodes:     1.8414 sigma
      msub=6   nfin=8   ntail=12  n=330     6.347e-04 sigma   2901x better
      msub=6   nfin=12  ntail=16  n=402     2.131e-05 sigma  86424x better
      msub=8   nfin=8   ntail=12  n=440     1.402e-05 sigma  131347x better
      msub=8   nfin=8   ntail=16  n=472     1.643e-07 sigma  11210925x better
      msub=8   nfin=12  ntail=16  n=536     1.643e-07 sigma  11210925x better
      msub=8   nfin=16  ntail=16  n=600     1.643e-07 sigma  11210925x better
      msub=10  nfin=12  ntail=16  n=670     1.242e-09 sigma  1482505972x better
  Ntot=1e+07  BASELINE old global map, 800 nodes:     5.8231 sigma
      msub=6   nfin=8   ntail=12  n=330     2.007e-03 sigma   2901x better
      msub=6   nfin=12  ntail=16  n=402     6.738e-05 sigma  86424x better
      msub=8   nfin=8   ntail=12  n=440     4.433e-05 sigma  131347x better
      msub=8   nfin=8   ntail=16  n=472     5.194e-07 sigma  11210925x better
      msub=8   nfin=12  ntail=16  n=536     5.194e-07 sigma  11210925x better
      msub=8   nfin=16  ntail=16  n=600     5.194e-07 sigma  11210925x better
      msub=10  nfin=12  ntail=16  n=670     3.928e-09 sigma  1482500973x better
  Ntot=1e+08  BASELINE old global map, 800 nodes:    18.4144 sigma
      msub=6   nfin=8   ntail=12  n=330     6.347e-03 sigma   2901x better
      msub=6   nfin=12  ntail=16  n=402     2.131e-04 sigma  86424x better
      msub=8   nfin=8   ntail=12  n=440     1.402e-04 sigma  131347x better
      msub=8   nfin=8   ntail=16  n=472     1.643e-06 sigma  11210925x better
      msub=8   nfin=12  ntail=16  n=536     1.643e-06 sigma  11210925x better
      msub=8   nfin=16  ntail=16  n=600     1.643e-06 sigma  11210925x better
      msub=10  nfin=12  ntail=16  n=670     1.242e-08 sigma  1482506305x better

== TNBOUND  alpha=0.800  th_discr=1600  (reference: 1284 nodes, same th)
  Ntot=1e+05  BASELINE old global map, 800 nodes:     0.5830 sigma
      msub=6   nfin=8   ntail=12  n=330     2.000e-04 sigma   2914x better
      msub=6   nfin=12  ntail=16  n=402     6.714e-06 sigma  86836x better
      msub=8   nfin=8   ntail=12  n=440     4.434e-06 sigma  131489x better
      msub=8   nfin=8   ntail=16  n=472     5.176e-08 sigma  11263775x better
      msub=8   nfin=12  ntail=16  n=536     5.176e-08 sigma  11263775x better
      msub=8   nfin=16  ntail=16  n=600     5.176e-08 sigma  11263775x better
      msub=10  nfin=12  ntail=16  n=670     3.925e-10 sigma  1485406344x better
  Ntot=1e+06  BASELINE old global map, 800 nodes:     1.8436 sigma
      msub=6   nfin=8   ntail=12  n=330     6.326e-04 sigma   2914x better
      msub=6   nfin=12  ntail=16  n=402     2.123e-05 sigma  86836x better
      msub=8   nfin=8   ntail=12  n=440     1.402e-05 sigma  131489x better
      msub=8   nfin=8   ntail=16  n=472     1.637e-07 sigma  11263775x better
      msub=8   nfin=12  ntail=16  n=536     1.637e-07 sigma  11263775x better
      msub=8   nfin=16  ntail=16  n=600     1.637e-07 sigma  11263775x better
      msub=10  nfin=12  ntail=16  n=670     1.241e-09 sigma  1485398016x better
  Ntot=1e+07  BASELINE old global map, 800 nodes:     5.8301 sigma
      msub=6   nfin=8   ntail=12  n=330     2.000e-03 sigma   2914x better
      msub=6   nfin=12  ntail=16  n=402     6.714e-05 sigma  86836x better
      msub=8   nfin=8   ntail=12  n=440     4.434e-05 sigma  131489x better
      msub=8   nfin=8   ntail=16  n=472     5.176e-07 sigma  11263775x better
      msub=8   nfin=12  ntail=16  n=536     5.176e-07 sigma  11263775x better
      msub=8   nfin=16  ntail=16  n=600     5.176e-07 sigma  11263775x better
      msub=10  nfin=12  ntail=16  n=670     3.925e-09 sigma  1485404678x better
  Ntot=1e+08  BASELINE old global map, 800 nodes:    18.4363 sigma
      msub=6   nfin=8   ntail=12  n=330     6.326e-03 sigma   2914x better
      msub=6   nfin=12  ntail=16  n=402     2.123e-04 sigma  86836x better
      msub=8   nfin=8   ntail=12  n=440     1.402e-04 sigma  131489x better
      msub=8   nfin=8   ntail=16  n=472     1.637e-06 sigma  11263775x better
      msub=8   nfin=12  ntail=16  n=536     1.637e-06 sigma  11263775x better
      msub=8   nfin=16  ntail=16  n=600     1.637e-06 sigma  11263775x better
      msub=10  nfin=12  ntail=16  n=670     1.241e-08 sigma  1485404678x better

== TNEMPTY  alpha=0.800  th_discr=400  (reference: 1284 nodes, same th)
  Ntot=1e+05  BASELINE old global map, 800 nodes:     0.6381 sigma
      msub=6   nfin=8   ntail=12  n=330     3.521e-04 sigma   1812x better
      msub=6   nfin=12  ntail=16  n=402     4.064e-06 sigma  157016x better
      msub=8   nfin=8   ntail=12  n=440     1.113e-05 sigma  57336x better
      msub=8   nfin=8   ntail=16  n=472     1.113e-05 sigma  57336x better
      msub=8   nfin=12  ntail=16  n=536     3.013e-08 sigma  21174778x better
      msub=8   nfin=16  ntail=16  n=600     3.120e-10 sigma  2045212034x better
      msub=10  nfin=12  ntail=16  n=670     2.103e-10 sigma  3033827710x better
  Ntot=1e+06  BASELINE old global map, 800 nodes:     2.0178 sigma
      msub=6   nfin=8   ntail=12  n=330     1.113e-03 sigma   1812x better
      msub=6   nfin=12  ntail=16  n=402     1.285e-05 sigma  157016x better
      msub=8   nfin=8   ntail=12  n=440     3.519e-05 sigma  57336x better
      msub=8   nfin=8   ntail=16  n=472     3.519e-05 sigma  57336x better
      msub=8   nfin=12  ntail=16  n=536     9.529e-08 sigma  21174778x better
      msub=8   nfin=16  ntail=16  n=600     9.866e-10 sigma  2045212034x better
      msub=10  nfin=12  ntail=16  n=670     6.651e-10 sigma  3033830306x better
  Ntot=1e+07  BASELINE old global map, 800 nodes:     6.3809 sigma
      msub=6   nfin=8   ntail=12  n=330     3.521e-03 sigma   1812x better
      msub=6   nfin=12  ntail=16  n=402     4.064e-05 sigma  157016x better
      msub=8   nfin=8   ntail=12  n=440     1.113e-04 sigma  57336x better
      msub=8   nfin=8   ntail=16  n=472     1.113e-04 sigma  57336x better
      msub=8   nfin=12  ntail=16  n=536     3.013e-07 sigma  21174777x better
      msub=8   nfin=16  ntail=16  n=600     3.120e-09 sigma  2045212034x better
      msub=10  nfin=12  ntail=16  n=670     2.103e-09 sigma  3033825461x better
  Ntot=1e+08  BASELINE old global map, 800 nodes:    20.1783 sigma
      msub=6   nfin=8   ntail=12  n=330     1.113e-02 sigma   1812x better
      msub=6   nfin=12  ntail=16  n=402     1.285e-04 sigma  157016x better
      msub=8   nfin=8   ntail=12  n=440     3.519e-04 sigma  57336x better
      msub=8   nfin=8   ntail=16  n=472     3.519e-04 sigma  57336x better
      msub=8   nfin=12  ntail=16  n=536     9.529e-07 sigma  21174778x better
      msub=8   nfin=16  ntail=16  n=600     9.866e-09 sigma  2045211703x better
      msub=10  nfin=12  ntail=16  n=670     6.651e-09 sigma  3033827122x better

== TNEMPTY  alpha=0.800  th_discr=800  (reference: 1284 nodes, same th)
  Ntot=1e+05  BASELINE old global map, 800 nodes:     0.6408 sigma
      msub=6   nfin=8   ntail=12  n=330     3.534e-04 sigma   1813x better
      msub=6   nfin=12  ntail=16  n=402     4.097e-06 sigma  156426x better
      msub=8   nfin=8   ntail=12  n=440     1.135e-05 sigma  56468x better
      msub=8   nfin=8   ntail=16  n=472     1.135e-05 sigma  56468x better
      msub=8   nfin=12  ntail=16  n=536     3.065e-08 sigma  20908245x better
      msub=8   nfin=16  ntail=16  n=600     3.191e-10 sigma  2008092675x better
      msub=10  nfin=12  ntail=16  n=670     2.137e-10 sigma  2998764589x better
  Ntot=1e+06  BASELINE old global map, 800 nodes:     2.0265 sigma
      msub=6   nfin=8   ntail=12  n=330     1.118e-03 sigma   1813x better
      msub=6   nfin=12  ntail=16  n=402     1.295e-05 sigma  156426x better
      msub=8   nfin=8   ntail=12  n=440     3.589e-05 sigma  56468x better
      msub=8   nfin=8   ntail=16  n=472     3.589e-05 sigma  56468x better
      msub=8   nfin=12  ntail=16  n=536     9.692e-08 sigma  20908245x better
      msub=8   nfin=16  ntail=16  n=600     1.009e-09 sigma  2008092172x better
      msub=10  nfin=12  ntail=16  n=670     6.758e-10 sigma  2998762879x better
  Ntot=1e+07  BASELINE old global map, 800 nodes:     6.4082 sigma
      msub=6   nfin=8   ntail=12  n=330     3.534e-03 sigma   1813x better
      msub=6   nfin=12  ntail=16  n=402     4.097e-05 sigma  156426x better
      msub=8   nfin=8   ntail=12  n=440     1.135e-04 sigma  56468x better
      msub=8   nfin=8   ntail=16  n=472     1.135e-04 sigma  56468x better
      msub=8   nfin=12  ntail=16  n=536     3.065e-07 sigma  20908245x better
      msub=8   nfin=16  ntail=16  n=600     3.191e-09 sigma  2008091769x better
      msub=10  nfin=12  ntail=16  n=670     2.137e-09 sigma  2998762195x better
  Ntot=1e+08  BASELINE old global map, 800 nodes:    20.2646 sigma
      msub=6   nfin=8   ntail=12  n=330     1.118e-02 sigma   1813x better
      msub=6   nfin=12  ntail=16  n=402     1.295e-04 sigma  156426x better
      msub=8   nfin=8   ntail=12  n=440     3.589e-04 sigma  56468x better
      msub=8   nfin=8   ntail=16  n=472     3.589e-04 sigma  56468x better
      msub=8   nfin=12  ntail=16  n=536     9.692e-07 sigma  20908245x better
      msub=8   nfin=16  ntail=16  n=600     1.009e-08 sigma  2008089192x better
      msub=10  nfin=12  ntail=16  n=670     6.758e-09 sigma  2998762742x better

== TNEMPTY  alpha=0.800  th_discr=1600  (reference: 1284 nodes, same th)
  Ntot=1e+05  BASELINE old global map, 800 nodes:     0.6416 sigma
      msub=6   nfin=8   ntail=12  n=330     3.534e-04 sigma   1815x better
      msub=6   nfin=12  ntail=16  n=402     4.109e-06 sigma  156123x better
      msub=8   nfin=8   ntail=12  n=440     1.139e-05 sigma  56310x better
      msub=8   nfin=8   ntail=16  n=472     1.139e-05 sigma  56310x better
      msub=8   nfin=12  ntail=16  n=536     3.076e-08 sigma  20857476x better
      msub=8   nfin=16  ntail=16  n=600     3.207e-10 sigma  2000434127x better
      msub=10  nfin=12  ntail=16  n=670     2.142e-10 sigma  2994877924x better
  Ntot=1e+06  BASELINE old global map, 800 nodes:     2.0288 sigma
      msub=6   nfin=8   ntail=12  n=330     1.118e-03 sigma   1815x better
      msub=6   nfin=12  ntail=16  n=402     1.299e-05 sigma  156123x better
      msub=8   nfin=8   ntail=12  n=440     3.603e-05 sigma  56310x better
      msub=8   nfin=8   ntail=16  n=472     3.603e-05 sigma  56310x better
      msub=8   nfin=12  ntail=16  n=536     9.727e-08 sigma  20857476x better
      msub=8   nfin=16  ntail=16  n=600     1.014e-09 sigma  2000431124x better
      msub=10  nfin=12  ntail=16  n=670     6.774e-10 sigma  2994880492x better
  Ntot=1e+07  BASELINE old global map, 800 nodes:     6.4156 sigma
      msub=6   nfin=8   ntail=12  n=330     3.534e-03 sigma   1815x better
      msub=6   nfin=12  ntail=16  n=402     4.109e-05 sigma  156123x better
      msub=8   nfin=8   ntail=12  n=440     1.139e-04 sigma  56310x better
      msub=8   nfin=8   ntail=16  n=472     1.139e-04 sigma  56310x better
      msub=8   nfin=12  ntail=16  n=536     3.076e-07 sigma  20857476x better
      msub=8   nfin=16  ntail=16  n=600     3.207e-09 sigma  2000433526x better
      msub=10  nfin=12  ntail=16  n=670     2.142e-09 sigma  2994879808x better
  Ntot=1e+08  BASELINE old global map, 800 nodes:    20.2878 sigma
      msub=6   nfin=8   ntail=12  n=330     1.118e-02 sigma   1815x better
      msub=6   nfin=12  ntail=16  n=402     1.299e-04 sigma  156123x better
      msub=8   nfin=8   ntail=12  n=440     3.603e-04 sigma  56310x better
      msub=8   nfin=8   ntail=16  n=472     3.603e-04 sigma  56310x better
      msub=8   nfin=12  ntail=16  n=536     9.727e-07 sigma  20857476x better
      msub=8   nfin=16  ntail=16  n=600     1.014e-08 sigma  2000431604x better
      msub=10  nfin=12  ntail=16  n=670     6.774e-09 sigma  2994880903x better

#### (B) theory-binning sensitivity, shipped node counts

== TNFIT  alpha=0.500  theory-binning successive differences (shipped grid, 744 nodes)
  Ntot=1e+05  200->400:  0.0588  400->800:  0.0389  800->1600:  0.0327  1600->3200:  0.0351  3200->6400:  0.0366
  Ntot=1e+06  200->400:  0.1860  400->800:  0.1231  800->1600:  0.1035  1600->3200:  0.1111  3200->6400:  0.1159
  Ntot=1e+07  200->400:  0.5882  400->800:  0.3892  800->1600:  0.3272  1600->3200:  0.3513  3200->6400:  0.3664
  Ntot=1e+08  200->400:  1.8600  400->800:  1.2306  800->1600:  1.0346  1600->3200:  1.1109  3200->6400:  1.1585

== TNSTAT  alpha=0.500  theory-binning successive differences (shipped grid, 328 nodes)
  Ntot=1e+05  200->400:  0.0554  400->800:  0.0690  800->1600:  0.0752  1600->3200:  0.0817  3200->6400:  0.0792
  Ntot=1e+06  200->400:  0.1751  400->800:  0.2182  800->1600:  0.2379  1600->3200:  0.2583  3200->6400:  0.2506
  Ntot=1e+07  200->400:  0.5536  400->800:  0.6899  800->1600:  0.7522  1600->3200:  0.8169  3200->6400:  0.7924
  Ntot=1e+08  200->400:  1.7505  400->800:  2.1815  800->1600:  2.3785  1600->3200:  2.5831  3200->6400:  2.5057

== TNSTALL  alpha=0.500  theory-binning successive differences (shipped grid, 536 nodes)
  Ntot=1e+05  200->400:  0.0566  400->800:  0.0485  800->1600:  0.0428  1600->3200:  0.0481  3200->6400:  0.0530
  Ntot=1e+06  200->400:  0.1791  400->800:  0.1532  800->1600:  0.1355  1600->3200:  0.1521  3200->6400:  0.1677
  Ntot=1e+07  200->400:  0.5662  400->800:  0.4846  800->1600:  0.4284  1600->3200:  0.4810  3200->6400:  0.5303
  Ntot=1e+08  200->400:  1.7905  400->800:  1.5325  800->1600:  1.3549  1600->3200:  1.5210  3200->6400:  1.6770

== TNBOUND  alpha=0.500  theory-binning successive differences (shipped grid, 536 nodes)
  Ntot=1e+05  200->400:  0.0563  400->800:  0.0471  800->1600:  0.0421  1600->3200:  0.0470  3200->6400:  0.0505
  Ntot=1e+06  200->400:  0.1779  400->800:  0.1490  800->1600:  0.1331  1600->3200:  0.1486  3200->6400:  0.1597
  Ntot=1e+07  200->400:  0.5626  400->800:  0.4713  800->1600:  0.4208  1600->3200:  0.4698  3200->6400:  0.5050
  Ntot=1e+08  200->400:  1.7792  400->800:  1.4904  800->1600:  1.3307  1600->3200:  1.4857  3200->6400:  1.5969

== TNEMPTY  alpha=0.500  theory-binning successive differences (shipped grid, 536 nodes)
  Ntot=1e+05  200->400:  0.0521  400->800:  0.0535  800->1600:  0.0553  1600->3200:  0.0616  3200->6400:  0.0656
  Ntot=1e+06  200->400:  0.1648  400->800:  0.1693  800->1600:  0.1750  1600->3200:  0.1946  3200->6400:  0.2073
  Ntot=1e+07  200->400:  0.5212  400->800:  0.5353  800->1600:  0.5535  1600->3200:  0.6155  3200->6400:  0.6555
  Ntot=1e+08  200->400:  1.6482  400->800:  1.6929  800->1600:  1.7503  1600->3200:  1.9464  3200->6400:  2.0730

== TNFIT  alpha=0.667  theory-binning successive differences (shipped grid, 744 nodes)
  Ntot=1e+05  200->400:  0.1318  400->800:  0.0521  800->1600:  0.0667  1600->3200:  0.0845  3200->6400:  0.1042
  Ntot=1e+06  200->400:  0.4167  400->800:  0.1648  800->1600:  0.2108  1600->3200:  0.2673  3200->6400:  0.3295
  Ntot=1e+07  200->400:  1.3178  400->800:  0.5211  800->1600:  0.6666  1600->3200:  0.8452  3200->6400:  1.0419
  Ntot=1e+08  200->400:  4.1673  400->800:  1.6480  800->1600:  2.1080  1600->3200:  2.6729  3200->6400:  3.2946

== TNSTAT  alpha=0.667  theory-binning successive differences (shipped grid, 328 nodes)
  Ntot=1e+05  200->400:  0.1127  400->800:  0.1304  800->1600:  0.1723  1600->3200:  0.2303  3200->6400:  0.2594
  Ntot=1e+06  200->400:  0.3565  400->800:  0.4122  800->1600:  0.5447  1600->3200:  0.7281  3200->6400:  0.8203
  Ntot=1e+07  200->400:  1.1272  400->800:  1.3035  800->1600:  1.7226  1600->3200:  2.3026  3200->6400:  2.5940
  Ntot=1e+08  200->400:  3.5645  400->800:  4.1221  800->1600:  5.4472  1600->3200:  7.2814  3200->6400:  8.2028

== TNSTALL  alpha=0.667  theory-binning successive differences (shipped grid, 536 nodes)
  Ntot=1e+05  200->400:  0.1468  400->800:  0.0635  800->1600:  0.0892  1600->3200:  0.1228  3200->6400:  0.1593
  Ntot=1e+06  200->400:  0.4641  400->800:  0.2007  800->1600:  0.2822  1600->3200:  0.3883  3200->6400:  0.5039
  Ntot=1e+07  200->400:  1.4675  400->800:  0.6346  800->1600:  0.8923  1600->3200:  1.2279  3200->6400:  1.5934
  Ntot=1e+08  200->400:  4.6407  400->800:  2.0067  800->1600:  2.8216  1600->3200:  3.8829  3200->6400:  5.0386

== TNBOUND  alpha=0.667  theory-binning successive differences (shipped grid, 536 nodes)
  Ntot=1e+05  200->400:  0.1193  400->800:  0.0622  800->1600:  0.0875  1600->3200:  0.1192  3200->6400:  0.1502
  Ntot=1e+06  200->400:  0.3774  400->800:  0.1966  800->1600:  0.2768  1600->3200:  0.3771  3200->6400:  0.4749
  Ntot=1e+07  200->400:  1.1934  400->800:  0.6216  800->1600:  0.8753  1600->3200:  1.1923  3200->6400:  1.5016
  Ntot=1e+08  200->400:  3.7740  400->800:  1.9658  800->1600:  2.7681  1600->3200:  3.7705  3200->6400:  4.7486

== TNEMPTY  alpha=0.667  theory-binning successive differences (shipped grid, 536 nodes)
  Ntot=1e+05  200->400:  0.1411  400->800:  0.0882  800->1600:  0.1199  1600->3200:  0.1648  3200->6400:  0.2058
  Ntot=1e+06  200->400:  0.4461  400->800:  0.2789  800->1600:  0.3793  1600->3200:  0.5212  3200->6400:  0.6507
  Ntot=1e+07  200->400:  1.4106  400->800:  0.8820  800->1600:  1.1994  1600->3200:  1.6481  3200->6400:  2.0576
  Ntot=1e+08  200->400:  4.4606  400->800:  2.7890  800->1600:  3.7927  1600->3200:  5.2119  3200->6400:  6.5068

== TNFIT  alpha=0.800  theory-binning successive differences (shipped grid, 744 nodes)
  Ntot=1e+05  200->400:  0.4321  400->800:  0.1497  800->1600:  0.1422  1600->3200:  0.2173  3200->6400:  0.3217
  Ntot=1e+06  200->400:  1.3665  400->800:  0.4733  800->1600:  0.4496  1600->3200:  0.6872  3200->6400:  1.0174
  Ntot=1e+07  200->400:  4.3212  400->800:  1.4968  800->1600:  1.4217  1600->3200:  2.1732  3200->6400:  3.2172
  Ntot=1e+08  200->400: 13.6648  400->800:  4.7333  800->1600:  4.4957  1600->3200:  6.8721  3200->6400: 10.1735

== TNSTAT  alpha=0.800  theory-binning successive differences (shipped grid, 328 nodes)
  Ntot=1e+05  200->400:  0.3657  400->800:  0.2674  800->1600:  0.4248  1600->3200:  0.6957  3200->6400:  0.9329
  Ntot=1e+06  200->400:  1.1565  400->800:  0.8455  800->1600:  1.3435  1600->3200:  2.2001  3200->6400:  2.9500
  Ntot=1e+07  200->400:  3.6572  400->800:  2.6738  800->1600:  4.2485  1600->3200:  6.9573  3200->6400:  9.3288
  Ntot=1e+08  200->400: 11.5649  400->800:  8.4553  800->1600: 13.4349  1600->3200: 22.0010  3200->6400: 29.5001

== TNSTALL  alpha=0.800  theory-binning successive differences (shipped grid, 536 nodes)
  Ntot=1e+05  200->400:  0.4736  400->800:  0.2198  800->1600:  0.1963  1600->3200:  0.3344  3200->6400:  0.5207
  Ntot=1e+06  200->400:  1.4976  400->800:  0.6949  800->1600:  0.6209  1600->3200:  1.0575  3200->6400:  1.6466
  Ntot=1e+07  200->400:  4.7359  400->800:  2.1976  800->1600:  1.9634  1600->3200:  3.3442  3200->6400:  5.2071
  Ntot=1e+08  200->400: 14.9762  400->800:  6.9493  800->1600:  6.2089  1600->3200: 10.5754  3200->6400: 16.4664

== TNBOUND  alpha=0.800  theory-binning successive differences (shipped grid, 536 nodes)
  Ntot=1e+05  200->400:  0.3833  400->800:  0.1956  800->1600:  0.1926  1600->3200:  0.3228  3200->6400:  0.4824
  Ntot=1e+06  200->400:  1.2122  400->800:  0.6185  800->1600:  0.6090  1600->3200:  1.0209  3200->6400:  1.5254
  Ntot=1e+07  200->400:  3.8332  400->800:  1.9558  800->1600:  1.9259  1600->3200:  3.2284  3200->6400:  4.8238
  Ntot=1e+08  200->400: 12.1218  400->800:  6.1849  800->1600:  6.0901  1600->3200: 10.2091  3200->6400: 15.2540

== TNEMPTY  alpha=0.800  theory-binning successive differences (shipped grid, 536 nodes)
  Ntot=1e+05  200->400:  0.4558  400->800:  0.1982  800->1600:  0.2775  1600->3200:  0.4717  3200->6400:  0.7066
  Ntot=1e+06  200->400:  1.4413  400->800:  0.6267  800->1600:  0.8774  1600->3200:  1.4917  3200->6400:  2.2343
  Ntot=1e+07  200->400:  4.5577  400->800:  1.9817  800->1600:  2.7747  1600->3200:  4.7170  3200->6400:  7.0656
  Ntot=1e+08  200->400: 14.4128  400->800:  6.2667  800->1600:  8.7744  1600->3200: 14.9166  3200->6400: 22.3433
